[{"id": 1998, "name": "amino", "url": "http://amino.org.uk", "city": "Newcastle upon Tyne", "postcode": "NE1 1EW", "address1": "#25", "address2": "31 High Bridge", "county": "Tyne and Wear", "country": "United Kingdom", "telephone": "0770 333 6347", "slug": "amino"}, {"id": 1223, "name": "ArtSway", "url": "http://www.artsway.org.uk", "city": "nr Lymington", "postcode": "SO41 6BA", "address1": "Station Road", "address2": "Sway", "county": "Hampshire", "country": "United Kingdom", "telephone": "01590 682260", "slug": "artsway"}, {"id": 1433, "name": "at a Birkbeck lecture theatre/University of London", "url": "http://www.bbk.ac.uk/ce/environment/ecssociety/index.shtml", "city": "London", "postcode": "W C1E", "address1": "London", "address2": null, "county": "Middlesex", "country": "United Kingdom", "telephone": "020 7679 1069", "slug": "at-a-birkbeck-lecture-theatreuniversity-of-london"}, {"id": 1047, "name": "Baylor University", "url": "", "city": "Waco, TX", "postcode": "", "address1": "One Bear Place", "address2": null, "county": "Other county, or outside UK/Eire", "country": "United States", "telephone": "254-710-1768", "slug": "baylor-university"}, {"id": 1865, "name": "birbeck", "url": "", "city": "london", "postcode": "", "address1": "unit 7 digbyland studios", "address2": null, "county": "London", "country": "United Kingdom", "telephone": null, "slug": "birbeck"}, {"id": 401, "name": "Black Music Congress", "url": "http://www.bbm-on.net", "city": "London", "postcode": "NW10 1WL", "address1": "P O Box 14092", "address2": "", "county": "London", "country": "United Kingdom", "telephone": "+44 20 84 50 59 87", "slug": "black-music-congress"}, {"id": 316, "name": "British Academy Public Debate", "url": "", "city": "London", "postcode": "SW1Y 4LE", "address1": "10 St James's Square", "address2": null, "county": "London", "country": "United Kingdom", "telephone": "020 7969 5238", "slug": "british-academy-public-debate"}, {"id": 315, "name": "British Acdemy Debate", "url": "", "city": "London", "postcode": "SW1Y 4LE", "address1": "10 St James's Square", "address2": null, "county": "London", "country": "United Kingdom", "telephone": "020 7969 5238", "slug": "british-acdemy-debate"}, {"id": 1504, "name": "British UNIMA", "url": "http://www.unima.org.uk", "city": "London", "postcode": "SE5 7RL", "address1": "3 St Giles Road", "address2": "Camberwell", "county": "London", "country": "United Kingdom", "telephone": "020 7277 0571", "slug": "british-unima"}, {"id": 1855, "name": "Centre of Medical Law and Ethics, King's College London", "url": "http://www.kcl.ac.uk/", "city": "London", "postcode": "WC2R 2LS", "address1": "Strand Campus", "address2": null, "county": "London", "country": "United Kingdom", "telephone": null, "slug": "centre-of-medical-law-and-ethics-kings-college-london"}, {"id": 1009, "name": "Chelsea Programme, Chelses College of Art & Design", "url": "http://www.chelsea.arts.ac.uk", "city": "London", "postcode": "SW1P 4JU", "address1": "16 John Islip St", "address2": "Millbank", "county": "London", "country": "United Kingdom", "telephone": "+44 20 75 14 77 80", "slug": "chelsea-programme-chelses-college-of-art-design"}, {"id": 3261, "name": "Chepstow 41 Club", "url": "", "city": "Tintern", "postcode": "NP16 6SF", "address1": "Christmas Outing", "address2": "The Royal George Hotel", "county": "Gwent", "country": "United Kingdom", "telephone": null, "slug": "chepstow-41-club"}, {"id": 3439, "name": "Conway Hall Ethical Society", "url": "http://https://conwayhall.org.uk/ethical-society/", "city": "London", "postcode": "WC1R 4RL", "address1": "25 Red Lion Square", "address2": null, "county": "London", "country": "United Kingdom", "telephone": "020 7405 1818", "slug": "conway-hall-ethical-society"}, {"id": 1563, "name": "Corbet Place bar", "url": "http://www.manifestoclub.com", "city": "London", "postcode": "E1 6QR", "address1": "15 Hanbury St", "address2": "London", "county": "London", "country": "United Kingdom", "telephone": "07759040258", "slug": "corbet-place-bar"}, {"id": 2945, "name": "Cowbridge U3A", "url": "", "city": "Cowbridge", "postcode": "CF71 7AD", "address1": "Cowbridge Town Hall", "address2": "High Street", "county": "Glamorgan", "country": "United Kingdom", "telephone": null, "slug": "cowbridge-u3a"}, {"id": 1815, "name": "Cruciform Lecture Theatre 1", "url": "", "city": "London", "postcode": "WC1E 6BT", "address1": "UCL Cruciform Building", "address2": "Gower Street", "county": "London", "country": "United Kingdom", "telephone": "020 3108 2052", "slug": "cruciform-lecture-theatre-1"}, {"id": 352, "name": "Cumberland Lodge", "url": "", "city": "Windsor", "postcode": "SL4 2HP", "address1": "The Great Park", "address2": "", "county": "Berkshire", "country": "United Kingdom", "telephone": "(01784) 432316", "slug": "cumberland-lodge"}, {"id": 1466, "name": "engage", "url": "http://www.engage.org", "city": "London", "postcode": "EC1V 9FR", "address1": "Suite AG, City Cloisters", "address2": "196 Old Street", "county": "London", "country": "United Kingdom", "telephone": "02074904690", "slug": "engage"}, {"id": 2108, "name": "engage", "url": "http://www.engage.org", "city": "London", "postcode": "E1 6LA", "address1": "Rich Mix", "address2": "35-47 Bethnal Green Road", "county": "London", "country": "United Kingdom", "telephone": "020 7729 5858", "slug": "engage"}, {"id": 1427, "name": "Enterprise HQ: Shrewsbury", "url": "http://www.enterprise-hq.co.uk", "city": "Shrewsbury", "postcode": "SY1 1PT", "address1": "Nexus", "address2": "Roushill", "county": "Shropshire", "country": "United Kingdom", "telephone": "01743 246 988", "slug": "enterprise-hq-shrewsbury"}, {"id": 1759, "name": "Euston House", "url": "", "city": "London", "postcode": "NW1 1AD", "address1": "24 Evershot Street", "address2": null, "county": "London", "country": "United Kingdom", "telephone": null, "slug": "euston-house"}, {"id": 2323, "name": "Foyles", "url": "", "city": "London", "postcode": "WC2H 0EB", "address1": "113-119 Charing Cross Road", "address2": null, "county": "London", "country": "United Kingdom", "telephone": null, "slug": "foyles"}, {"id": 1776, "name": "Foyles", "url": "http://www.battleofideas.org.uk", "city": "London", "postcode": "WC2H 0EB", "address1": "113-119 Charing Cross Road", "address2": null, "county": "London", "country": "United Kingdom", "telephone": "020 7269 9220", "slug": "foyles"}, {"id": 1612, "name": "Freud Museum London", "url": "http://www.freud.org.uk", "city": "London", "postcode": "NW3 5SX", "address1": "20 Maresfield Gardens", "address2": null, "county": "London", "country": "United Kingdom", "telephone": "020 7435 2002", "slug": "freud-museum-london"}, {"id": 217, "name": "Friends of Finsbury Park", "url": "", "city": "London", "postcode": "N4 2NQ", "address1": "Manor House Lodge", "address2": "c/o The Yard In The Park, Endymion Road", "county": "London", "country": "United Kingdom", "telephone": "+44 20 88 09 00 39", "slug": "friends-of-finsbury-park"}, {"id": 2527, "name": "Froglife", "url": "http://www.froglife.org", "city": "Peterborough", "postcode": "PE1 5TX", "address1": "2a Flag Business Exchange", "address2": "Vicarage Farm Road", "county": "Cambridgeshire", "country": "United Kingdom", "telephone": "01733558844", "slug": "froglife"}, {"id": 1908, "name": "Galsworthy Building, Kingston University", "url": "http://www.kingston.gov.uk/think-in-kingston", "city": "Kingston Upon Thames", "postcode": "KT1 2EE", "address1": "Penrhyn Road", "address2": null, "county": "London", "country": "United Kingdom", "telephone": "0208 547 5205 (answe", "slug": "galsworthy-building-kingston-university"}, {"id": 623, "name": "Geological Society Lecture Theatre", "url": "", "city": "London", "postcode": "W1J OBD", "address1": "Burlington House", "address2": "Piccadilly", "county": "London", "country": "United Kingdom", "telephone": null, "slug": "geological-society-lecture-theatre"}, {"id": 350, "name": "Glenmorangie Spiegeltent", "url": "http://www.edbookfest.co.uk/", "city": "Edinburgh", "postcode": "EH2 4BR", "address1": "Charlotte Square Gardens", "address2": null, "county": "Midlothian", "country": "United Kingdom", "telephone": "0131 624 5050", "slug": "glenmorangie-spiegeltent"}, {"id": 2312, "name": "Hammersmith Apollo", "url": "", "city": "London", "postcode": "W6 9QH", "address1": "45 Queen Caroline Street", "address2": null, "county": "London", "country": "United Kingdom", "telephone": null, "slug": "hammersmith-apollo"}, {"id": 1292, "name": "House of Commons", "url": "", "city": "London", "postcode": "SW1A 0AA", "address1": "Westminster", "address2": null, "county": "London", "country": "United Kingdom", "telephone": null, "slug": "house-of-commons"}, {"id": 2923, "name": "House of Commons", "url": "http://parliament.uk", "city": "London", "postcode": "SW1H 9NB", "address1": "14 Tothill Street", "address2": null, "county": "London", "country": "United Kingdom", "telephone": "02072193454", "slug": "house-of-commons"}, {"id": 3351, "name": "Huxley Building", "url": "", "city": "London", "postcode": "SW7 2AZ", "address1": "180 Queen's Gate", "address2": null, "county": "London", "country": "United Kingdom", "telephone": null, "slug": "huxley-building"}, {"id": 1073, "name": "IADT", "url": "", "city": "Co. Dublin", "postcode": "IREL AND", "address1": "Kill Avenue", "address2": "Dunlaoghaire", "county": "Other county, or outside UK/Eire", "country": "Ireland", "telephone": "0876365582", "slug": "iadt"}, {"id": 3440, "name": "Irish Cultural Centre", "url": "", "city": "London", "postcode": "W6 9DT", "address1": "5 Black’s Road Hammersmith W6 9DT", "address2": null, "county": "Aberdeenshire", "country": "United Kingdom", "telephone": null, "slug": "irish-cultural-centre"}, {"id": 1848, "name": "John Templeton Foundation", "url": "http://www.templeton.org/contact_us/", "city": "Philadelphia", "postcode": "PA19428 USA", "address1": "300 Conshohocken State Road, Suite 500", "address2": "West Conshohocken,", "county": "Other county, or outside UK/Eire", "country": "United States", "telephone": "0207 861 2424", "slug": "john-templeton-foundation"}, {"id": 733, "name": "Kloster Lorsch", "url": "http://www.lorsch.de/english/", "city": "Lorsch", "postcode": "64 653", "address1": "Kaiser – Wilhelm – Platz 1", "address2": null, "county": "Other county, or outside UK/Eire", "country": "Germany", "telephone": "0049 6251 51446", "slug": "kloster-lorsch"}, {"id": 1042, "name": "Learning About Animals", "url": "http://www.learningaboutanimals.co.uk", "city": "Addlestone", "postcode": "KT15 2PE", "address1": "14 Alexandra Road", "address2": "Addlestone", "county": "Surrey", "country": "United Kingdom", "telephone": "01932 820714", "slug": "learning-about-animals"}, {"id": 798, "name": "Learning Resources, Middlesex University", "url": "http://www.mdx.ac.uk/24-72/lr/", "city": "London", "postcode": "EN4 8HT", "address1": "Middlesex University Cat Hill campus", "address2": "Chase side, Barnet", "county": "Hertfordshire", "country": "United Kingdom", "telephone": "", "slug": "learning-resources-middlesex-university"}, {"id": 2008, "name": "Little Common Community Centre", "url": "", "city": "Bexhill", "postcode": "T N39", "address1": "Shepherds Close", "address2": "Little Common", "county": "East Sussex", "country": "United Kingdom", "telephone": null, "slug": "little-common-community-centre"}, {"id": 2120, "name": "London Buddhist Centre", "url": "http://lbc.org.uk", "city": "London", "postcode": "E2 0HU", "address1": "51 Roman Road", "address2": "Bethanl Green", "county": "London", "country": "United Kingdom", "telephone": "020 8981 1225", "slug": "london-buddhist-centre"}, {"id": 2524, "name": "London Fortean Society", "url": "http://forteanlondon.blogspot.com/", "city": "London", "postcode": "E1 7EX", "address1": "Middlesex Street", "address2": null, "county": "London", "country": "United Kingdom", "telephone": "0795 201 2487", "slug": "london-fortean-society"}, {"id": 3291, "name": "London Queers", "url": "http://www.londonqueers.com/", "city": "London", "postcode": "NW6 2DT", "address1": "56a Loveridge Road", "address2": null, "county": "London", "country": "United Kingdom", "telephone": "+447706423712", "slug": "london-queers"}, {"id": 2170, "name": "London School of Economics and Political Science", "url": "", "city": "London", "postcode": "WC2A 2AE", "address1": "Houghton Street", "address2": null, "county": "London", "country": "United Kingdom", "telephone": "07908142910", "slug": "london-school-of-economics-and-political-science"}, {"id": 2594, "name": "London School of Economics and Political Science", "url": "", "city": "London", "postcode": "WC2A 2AE", "address1": "Houghton Street", "address2": null, "county": "London", "country": "United Kingdom", "telephone": null, "slug": "london-school-of-economics-and-political-science"}, {"id": 73, "name": "London's Transport Museum", "url": "http://www.ltmuseum.co.uk", "city": "London", "postcode": "WC2E 7BB", "address1": "Covent Garden Piazza", "address2": null, "county": "London", "country": "United Kingdom", "telephone": "+44 20 75 65 72 66", "slug": "londons-transport-museum"}, {"id": 1655, "name": "LSE Campus", "url": "", "city": "London", "postcode": "WC2A 2AE", "address1": "Venue TBC to ticket holders 24 hours before the even", "address2": null, "county": "London", "country": "United Kingdom", "telephone": null, "slug": "lse-campus"}, {"id": 1656, "name": "LSE Campus", "url": "", "city": "London", "postcode": "WC2A 2AE", "address1": "Venue TBC to ticket holders 24 hours before the event", "address2": null, "county": "London", "country": "United Kingdom", "telephone": null, "slug": "lse-campus"}, {"id": 1300, "name": "LSE Cowdray House, room J116 (Canada Blanch Room)", "url": "", "city": "LSE", "postcode": "WC2A 2AE", "address1": "Cowdray House", "address2": "European Institute", "county": "London", "country": "United Kingdom", "telephone": "", "slug": "lse-cowdray-house-room-j116-canada-blanch-room"}, {"id": 785, "name": "Main Council Chamber", "url": "", "city": "Edinburgh", "postcode": "EH1 1YJ", "address1": "City Chambers", "address2": "High Street", "county": "Other county, or outside UK/Eire", "country": "United Kingdom", "telephone": null, "slug": "main-council-chamber"}, {"id": 399, "name": "Media and Cultural Studies, Middlesex University", "url": "http://www.mdx.ac.uk", "city": "London", "postcode": "N17 8HR", "address1": "White Hart Lane", "address2": "", "county": "London", "country": "United Kingdom", "telephone": "+44 20 84 11 42 17", "slug": "media-and-cultural-studies-middlesex-university"}, {"id": 1297, "name": "Metal and Bone Theatre", "url": "", "city": "South Croydon", "postcode": "CR2 8JJ", "address1": "147 Selsdon Park Road", "address2": null, "county": "Surrey", "country": "United Kingdom", "telephone": "07957 911487", "slug": "metal-and-bone-theatre"}, {"id": 1265, "name": "Michaelhouse Centre", "url": "", "city": "Cambridge", "postcode": "CB2 1SU", "address1": "Trinity Street", "address2": "St. Michael’s Church", "county": "Cambridgeshire", "country": "United Kingdom", "telephone": null, "slug": "michaelhouse-centre"}, {"id": 909, "name": "Milton Keynes Gallery", "url": "http://www.mk-g.org", "city": "Milton Keynes", "postcode": "MK9 3QA", "address1": "900 Midsummer Boulevard", "address2": "Central Milton Keynes", "county": "Buckinghamshire", "country": "United Kingdom", "telephone": "01908 676 900", "slug": "milton-keynes-gallery"}, {"id": 3155, "name": "MK Gallery", "url": "http://www.mkgallery.org", "city": "Milton Keynes", "postcode": "MK9 3QA", "address1": "900 Midsummer Boulevard", "address2": null, "county": "Buckinghamshire", "country": "United Kingdom", "telephone": "+441908 676900", "slug": "mk-gallery"}, {"id": 1763, "name": "Newington Green Unitarian Church", "url": "http://www.new-unity.org", "city": "London", "postcode": "N16 9PR", "address1": "39A Newington Green", "address2": null, "county": "London", "country": "United Kingdom", "telephone": "02083486042", "slug": "newington-green-unitarian-church"}, {"id": 3141, "name": "Newington Green Unitarian Church", "url": "http://www.new-unity.org/", "city": "London ", "postcode": "N16 9PR", "address1": "39a Newington Green", "address2": null, "county": "London", "country": "United Kingdom", "telephone": "07950331252", "slug": "newington-green-unitarian-church"}, {"id": 1198, "name": "NIECI, University of Wales, Bangor", "url": "http://www.bangor.ac.uk/creative_industries/index.php.en", "city": "Bangor", "postcode": "LL57 2DG", "address1": "(National Institute for Excellence in the Creative Industries)", "address2": "University of Wales, Bangor", "county": "Gwynedd", "country": "United Kingdom", "telephone": "+44 12 48 38 21 41", "slug": "nieci-university-of-wales-bangor"}, {"id": 2300, "name": "OCR", "url": "", "city": "Coventry", "postcode": "CV4 8JQ", "address1": "Progress House", "address2": null, "county": "West Midlands", "country": "United Kingdom", "telephone": null, "slug": "ocr"}, {"id": 164, "name": "Ottakar's", "url": "http://www.ottakars.co.uk/Internet/home/welcome.jsp", "city": "Salisbury", "postcode": "SP1 2AP", "address1": "Brewery House", "address2": "36 Milford Street", "county": "Wiltshire", "country": "United Kingdom", "telephone": "+44 17 22 42 85 00", "slug": "ottakars"}, {"id": 1660, "name": "Oxford Brookes University", "url": "", "city": "Oxford", "postcode": "OX3 0BP", "address1": "Headington Campus", "address2": "Gypsy Lane", "county": "Oxfordshire", "country": "United Kingdom", "telephone": "020 7269 9224", "slug": "oxford-brookes-university"}, {"id": 829, "name": "Plymouth City Council", "url": "http://www.plymouth.gov.uk", "city": "Plymouth", "postcode": "PL6 5UF", "address1": "Windsor House", "address2": "Tavistock Road", "county": "Devon", "country": "United Kingdom", "telephone": "", "slug": "plymouth-city-council"}, {"id": 411, "name": "Press and Information Office, SOAS", "url": "http://www.soas.ac.uk", "city": "London", "postcode": "WC1 OXG", "address1": "School of Oriental and African Studies (SOAS)", "address2": "Thornhaugh Street", "county": "London", "country": "United Kingdom", "telephone": "+44 20 78 98 40 75", "slug": "press-and-information-office-soas"}, {"id": 3122, "name": "Puppet Theatre Barge", "url": "http://www.puppetbarge.com", "city": "London", "postcode": "W9 2PF", "address1": "35 Blomfield Rd", "address2": null, "county": "London", "country": "United Kingdom", "telephone": "020 7249 6876", "slug": "puppet-theatre-barge"}, {"id": 2462, "name": "Rivington Place", "url": "http://www.rivingtonplace.org", "city": "London", "postcode": "EC2A 3BA", "address1": "1 Rivington Place", "address2": "Shoreditch", "county": "London", "country": "United Kingdom", "telephone": "02077491240", "slug": "rivington-place"}, {"id": 1152, "name": "Room GR 06-07, English Faculty Building", "url": "", "city": "Cambridge", "postcode": "CB3 9DP", "address1": "9 West Road", "address2": null, "county": "Cambridgeshire", "country": "United Kingdom", "telephone": null, "slug": "room-gr-06-07-english-faculty-building"}, {"id": 1302, "name": "Room J116, Cowdray House", "url": "", "city": "London", "postcode": "WC2A 2AE", "address1": "European institute", "address2": null, "county": "London", "country": "United Kingdom", "telephone": null, "slug": "room-j116-cowdray-house"}, {"id": 1116, "name": "Room T206, Lakatos Building", "url": "", "city": "London", "postcode": "W C2A", "address1": "Portugal Street", "address2": "London School of Economics", "county": "London", "country": "United Kingdom", "telephone": null, "slug": "room-t206-lakatos-building"}, {"id": 3394, "name": "Royal College of Radiologists", "url": "http://www.rcr.ac.uk", "city": "London", "postcode": "WC2A 3JW", "address1": "63 Lincoln's Inn Fields", "address2": null, "county": "London", "country": "United Kingdom", "telephone": "02074051282", "slug": "royal-college-of-radiologists"}, {"id": 2244, "name": "Russell Square Underground Station", "url": "", "city": "London", "postcode": "WC1N 1LJ", "address1": "Bernard Street", "address2": null, "county": "London", "country": "United Kingdom", "telephone": null, "slug": "russell-square-underground-station"}, {"id": 849, "name": "science made simple", "url": "http://www.sciencemadesimple.co.uk", "city": "Cardiff", "postcode": "CF24 3AA", "address1": "School of Physics and Astronomy", "address2": "5 The Parade", "county": "Glamorgan", "country": "United Kingdom", "telephone": null, "slug": "science-made-simple"}, {"id": 485, "name": "Science Oxford Live", "url": "http://www.scienceoxfordlive.com", "city": "Oxford", "postcode": "OX4 1BD", "address1": "1-5 London Place", "address2": "", "county": "Oxfordshire", "country": "United Kingdom", "telephone": "01865 810000", "slug": "science-oxford-live"}, {"id": 1804, "name": "Science Oxford Live", "url": "http://www.scienceoxfordlive.com", "city": "Oxford", "postcode": "OX4 1BD", "address1": "1 to 5 London Place", "address2": "St Clements", "county": "Oxfordshire", "country": "United Kingdom", "telephone": "+44 18 65 72 89 53", "slug": "science-oxford-live"}, {"id": 225, "name": "Senate House", "url": "http://www.sas.ac.uk/irs", "city": "London", "postcode": "WC1E 7HU", "address1": "Malet Street", "address2": null, "county": "London", "country": "United Kingdom", "telephone": "020 7862 8677", "slug": "senate-house"}, {"id": 1671, "name": "Siobhan Davies Dance", "url": "http://www.siobhandavies.com", "city": "London", "postcode": "SE1 6ER", "address1": "Siobhan Davies Studios", "address2": "85 St George's Road", "county": "London", "country": "United Kingdom", "telephone": "020 7091 9650", "slug": "siobhan-davies-dance"}, {"id": 3218, "name": "Skeel Lecture Theatre, People's Palace", "url": "http://www.qmul.ac.uk/events", "city": "London", "postcode": "E1 4NS", "address1": "Mile End Campus, Queen Mary University of London", "address2": "Mile End Road", "county": "London", "country": "United Kingdom", "telephone": "02078823284", "slug": "skeel-lecture-theatre-peoples-palace"}, {"id": 3219, "name": "Skeel Lecture Theatre, People's Palace", "url": "http://www.qmul.ac.uk/events", "city": "London", "postcode": "E1 4NS", "address1": "Queen Mary University", "address2": "Mile End Road", "county": "Aberdeenshire", "country": "United Kingdom", "telephone": "02078823284", "slug": "skeel-lecture-theatre-peoples-palace"}, {"id": 2149, "name": "Sohemian Society", "url": "", "city": "London", "postcode": "W1T 1JB", "address1": " Rathbone Place", "address2": "", "county": "London", "country": "United Kingdom", "telephone": "020 7306 4625", "slug": "sohemian-society"}, {"id": 2840, "name": "sohemian society", "url": "http://www.sohemians.com", "city": "london", "postcode": "NW8 7SH", "address1": "64a st john's wood high street", "address2": null, "county": "Other county, or outside UK/Eire", "country": "United Kingdom", "telephone": "07758446866", "slug": "sohemian-society"}, {"id": 1179, "name": "Spacex", "url": "", "city": "EXETER", "postcode": "EX1 1DF", "address1": "45 Preston Street", "address2": null, "county": "Devon", "country": "United Kingdom", "telephone": "01392 431786", "slug": "spacex"}, {"id": 1838, "name": "Spalding Gentlemen's Society", "url": "", "city": "Spalding", "postcode": "PE11 1TB", "address1": "Broad Street", "address2": null, "county": "Lincolnshire", "country": "United Kingdom", "telephone": "01205 460386", "slug": "spalding-gentlemens-society"}, {"id": 1986, "name": "Spanish Embassy", "url": "", "city": "London", "postcode": "SW1X 8SB", "address1": "39 Chesham Place", "address2": null, "county": "London", "country": "United Kingdom", "telephone": "02072015524", "slug": "spanish-embassy"}, {"id": 1501, "name": "Temenos Academy", "url": "http://www.temenosacademy.org", "city": "Ashford", "postcode": "TN25 5ZT", "address1": "P.O. Box 203", "address2": null, "county": "Kent", "country": "United Kingdom", "telephone": "01233813663", "slug": "temenos-academy"}, {"id": 773, "name": "The Art Fund", "url": "http://www.artfund.org", "city": "London", "postcode": "SW7 2JN", "address1": "Millais House", "address2": "7 Cromwell Place", "county": "London", "country": "United Kingdom", "telephone": "020 7225 4873", "slug": "the-art-fund"}, {"id": 711, "name": "The BA (Edinburgh & SE Scotland Branch)", "url": "http://www.the-ba.net", "city": "London", "postcode": "SW7 5HE", "address1": "Wellcome Wolfson Building", "address2": "165 Queen's Gate", "county": "London", "country": "United Kingdom", "telephone": "0131 451 3072", "slug": "the-ba-edinburgh-se-scotland-branch"}, {"id": 2229, "name": "The Bonnington Group", "url": "", "city": "London", "postcode": "W1T 1TJ", "address1": "59 Goodge Street", "address2": null, "county": "London", "country": "United Kingdom", "telephone": "020 7580 4917", "slug": "the-bonnington-group"}, {"id": 3432, "name": "The Dutch Church", "url": "http://www.dutchchurch.org.uk", "city": "London", "postcode": "EC2N 2HA", "address1": "7 Austin Friars ", "address2": null, "county": "London", "country": "United Kingdom", "telephone": null, "slug": "the-dutch-church"}, {"id": 635, "name": "The Great Hall", "url": "", "city": "London", "postcode": "", "address1": "Guildhall", "address2": null, "county": "London", "country": "United Kingdom", "telephone": null, "slug": "the-great-hall"}, {"id": 665, "name": "The Great Hall", "url": "", "city": "London", "postcode": "", "address1": "The Royal Courts of Justice", "address2": "The Strand", "county": "London", "country": "United Kingdom", "telephone": null, "slug": "the-great-hall"}, {"id": 2515, "name": "The Great Hall", "url": "", "city": "London", "postcode": "SW7 2AZ", "address1": "Imperial College London", "address2": "South Kensington", "county": "London", "country": "United Kingdom", "telephone": null, "slug": "the-great-hall"}, {"id": 3101, "name": "The Guildford Institute ", "url": "http://www.guildford-institute.org.uk", "city": "Guildford ", "postcode": "GU1 4LH", "address1": "Ward Street", "address2": null, "county": "Surrey", "country": "United Kingdom", "telephone": null, "slug": "the-guildford-institute"}, {"id": 2925, "name": "The Islamic Finance and Ethics Society", "url": "http://www.the-ifes.org", "city": "London", "postcode": "WC1H OXG", "address1": "SOAS, University of London, Thornhaugh Street, Russell Square,", "address2": "", "county": "London", "country": "United Kingdom", "telephone": "", "slug": "the-islamic-finance-and-ethics-society"}, {"id": 738, "name": "The National Gallery", "url": "http://www.nationalgallery.org.uk", "city": "London", "postcode": "WC2N 5DN", "address1": "Trafalgar Square", "address2": "", "county": "London", "country": "United Kingdom", "telephone": "020 7747 2596", "slug": "the-national-gallery"}, {"id": 1643, "name": "the observer", "url": "", "city": "london", "postcode": "EC1R 5EJ", "address1": "3-7 herbal hill", "address2": null, "county": "London", "country": "United Kingdom", "telephone": null, "slug": "the-observer"}, {"id": 2443, "name": "The Old Library Building, Third Floor", "url": "http://www.ncl.ac.uk/gps/about/events/item/public-lecture2", "city": "Newcastle upon Tyne", "postcode": "NE1 7RU", "address1": "Room 3.19", "address2": "Newcastle University", "county": "Tyne and Wear", "country": "United Kingdom", "telephone": null, "slug": "the-old-library-building-third-floor"}, {"id": 1319, "name": "The Skeptic Magazine", "url": "http://www.skeptic.org.uk/pub", "city": "Loughton", "postcode": "IG10 4PZ", "address1": "10 Crescent View", "address2": "", "county": "Essex", "country": "United Kingdom", "telephone": "", "slug": "the-skeptic-magazine"}, {"id": 566, "name": "Tricycle Theatre", "url": "http://www.tricycle.co.uk/", "city": "London", "postcode": "NW6 7JR", "address1": "269 Kilburn High Road", "address2": null, "county": "London", "country": "United Kingdom", "telephone": "020 7328 1900", "slug": "tricycle-theatre"}, {"id": 2335, "name": "ttHE REMBRANDT HOTEL", "url": "http://www.alternatives.org.uk/Site/EventDescription.aspx?EventID=811", "city": "KNIGHTSBRIDGE", "postcode": "SW7 2RS", "address1": "11 THURLOE PLACE", "address2": null, "county": "London", "country": "United Kingdom", "telephone": "02072876711", "slug": "tthe-rembrandt-hotel"}, {"id": 1402, "name": "UCLA", "url": "", "city": "Los Angeles", "postcode": "", "address1": ".", "address2": null, "county": "Other county, or outside UK/Eire", "country": "United States", "telephone": null, "slug": "ucla"}, {"id": 2010, "name": "University of Bath", "url": "", "city": "Bath", "postcode": "BA2 7AY", "address1": "University of Bath", "address2": null, "county": "Somerset", "country": "United Kingdom", "telephone": null, "slug": "university-of-bath"}, {"id": 1002, "name": "Urbis", "url": "http://www.urbis.org.uk", "city": "Manchester", "postcode": "M3 1DX", "address1": "Cathedral Gardens", "address2": null, "county": "Greater Manchester", "country": "United Kingdom", "telephone": "0161 605 8204", "slug": "urbis"}, {"id": 577, "name": "Urbis", "url": "", "city": "Manchester", "postcode": "M4 3BG", "address1": "Cathedral Gardens", "address2": null, "county": "Greater Manchester", "country": "United Kingdom", "telephone": "0161 605 8209", "slug": "urbis"}, {"id": 348, "name": "Walter Phillips Gallery", "url": "http://www.banffcentre.ca/wpg", "city": "Banff", "postcode": "T1L 1H5", "address1": "Banff Centre for the Arts", "address2": "107 Tunnel Mountain Drive", "county": "Other county, or outside UK/Eire", "country": "Canada", "telephone": "001 (403) 762-6100", "slug": "walter-phillips-gallery"}, {"id": 3007, "name": "Warrington Literary and Philosophical Society", "url": "", "city": "Warrington", "postcode": "WA4 6NB", "address1": "81, Whitefield Road", "address2": "Stockton Heath", "county": "Cheshire", "country": "United Kingdom", "telephone": "01925 265738", "slug": "warrington-literary-and-philosophical-society"}, {"id": 597, "name": "Watershed", "url": "http://www.watershed.co.uk", "city": "Bristol", "postcode": "BS1 5TX", "address1": "1 Canon's Road", "address2": "Harbourside", "county": "Bristol", "country": "United Kingdom", "telephone": "07748616411", "slug": "watershed"}, {"id": 88, "name": "Waterstone's Brighton", "url": null, "city": "Brighton", "postcode": "BN1 1ZA", "address1": "71-74 North Street", "address2": null, "county": "East Sussex", "country": "United Kingdom", "telephone": "+44 12 73 20 56 16", "slug": "waterstones-brighton"}, {"id": 116, "name": "Waterstone's Exeter Roman Gate", "url": "http://www.waterstones.co.uk", "city": "Exeter", "postcode": "EX4 3PZ", "address1": "252 High Street", "address2": null, "county": "Devon", "country": "United Kingdom", "telephone": "+44 13 92 42 30 44", "slug": "waterstones-exeter-roman-gate"}, {"id": 119, "name": "Waterstone's Stratford Upon Avon", "url": "http://www.waterstones.co.uk", "city": "Stratford Upon Avon", "postcode": "CV37 6AU", "address1": "8/9 High Street", "address2": null, "county": "Warwickshire", "country": "United Kingdom", "telephone": "+44 17 89 41 44 18", "slug": "waterstones-stratford-upon-avon"}, {"id": 91, "name": "Waterstone's Tunbridge Wells", "url": "", "city": "Tunbridge Wells", "postcode": "TN1 2TD", "address1": "32-40 Calverley Road", "address2": null, "county": "Kent", "country": "United Kingdom", "telephone": "+44 18 92 53 54 46", "slug": "waterstones-tunbridge-wells"}, {"id": 794, "name": "White Rose University Consortium", "url": "http://www.whiterose.ac.uk", "city": "York", "postcode": "YO10 5DG", "address1": "The IT Centre", "address2": "York Science Park", "county": "Yorkshire", "country": "United Kingdom", "telephone": "01904 435337", "slug": "white-rose-university-consortium"}, {"id": 2864, "name": "YMCA Newport", "url": "", "city": "Newport", "postcode": "NP20 2HF", "address1": "Mendalgief Road", "address2": null, "county": "Gwent", "country": "United Kingdom", "telephone": null, "slug": "ymca-newport"}]