[{"id": 2211, "name": " \t Old Dining Hall, Hulme Hall", "url": "", "city": "Manchester", "postcode": "M14 5RR", "address1": "University of Manchester", "address2": "Oxford Place Victoria Park", "county": "Greater Manchester", "country": "United Kingdom", "telephone": "0161 275 0206", "slug": "old-dining-hall-hulme-hall"}, {"id": 318, "name": "76 Portland Place", "url": "http://www.76portlandplace.com", "city": "London", "postcode": "W1B 1NT", "address1": "76 Portland Place", "address2": null, "county": "London", "country": "United Kingdom", "telephone": "020 7470 4884", "slug": "76-portland-place"}, {"id": 1208, "name": "Ariadne van de Ven", "url": "", "city": "None", "postcode": "", "address1": "No postal address supplied", "address2": "", "county": "London", "country": "United Kingdom", "telephone": "", "slug": "ariadne-van-de-ven"}, {"id": 2029, "name": "BALTIC Centre for Contemporary Art", "url": "", "city": "Gateshead", "postcode": "NE8 3BA", "address1": "Gateshead Quays", "address2": "South Shore Road", "county": "Durham", "country": "United Kingdom", "telephone": null, "slug": "baltic-centre-for-contemporary-art"}, {"id": 519, "name": "Bath Royal Literature and Science Institute", "url": "http://www.brlsi.org", "city": "BATH", "postcode": "", "address1": "16-18 Queen Square", "address2": null, "county": "Bristol", "country": "United Kingdom", "telephone": "01225 312084", "slug": "bath-royal-literature-and-science-institute"}, {"id": 642, "name": "below networks", "url": "http://www.below-networks.org.uk", "city": "London", "postcode": "E8 3RN", "address1": "4 Westgate Street", "address2": null, "county": "London", "country": "United Kingdom", "telephone": null, "slug": "below-networks"}, {"id": 2597, "name": "Bethnal Green Working Men's Club", "url": "http://www.workersplaytime.net", "city": "London", "postcode": "E2 6NB", "address1": "42-44 Pollard Row", "address2": null, "county": "London", "country": "United Kingdom", "telephone": null, "slug": "bethnal-green-working-mens-club"}, {"id": 488, "name": "Biocity", "url": "http://www.biocity.co.uk", "city": "Nottingham", "postcode": "NG1 1GF", "address1": "Pennyfoot Street", "address2": null, "county": "Nottinghamshire", "country": "United Kingdom", "telephone": null, "slug": "biocity"}, {"id": 2566, "name": "Blake Alcott", "url": "http://www.blakealcott.org", "city": "Cambridge", "postcode": "CB4 3BE", "address1": "33Albert Street", "address2": null, "county": "Cambridgeshire", "country": "United Kingdom", "telephone": "07920437644", "slug": "blake-alcott"}, {"id": 1057, "name": "BPI Offices", "url": "", "city": "London", "postcode": "SE1 7JA", "address1": "County Hall", "address2": "Westminster Bridge Road", "county": "London", "country": "United Kingdom", "telephone": null, "slug": "bpi-offices"}, {"id": 2859, "name": "Bunhill Fields Cemetary", "url": "http://www.cityoflondon.gov.uk/things-to-do/green-spaces/city-gardens/visitor-information/Pages/Bunh", "city": "London", "postcode": "EC1Y 1AU", "address1": "38 City Road", "address2": null, "county": "London", "country": "United Kingdom", "telephone": "0207 374 4127", "slug": "bunhill-fields-cemetary"}, {"id": 2850, "name": "Business School, Middlesex University", "url": "http://www.mdx.ac.uk", "city": "London", "postcode": "NW4 4BT", "address1": "Hendon Campus", "address2": "", "county": "London", "country": "United Kingdom", "telephone": "020 8411 5414", "slug": "business-school-middlesex-university"}, {"id": 3203, "name": "CAA", "url": "", "city": "London", "postcode": "WC2E 9HP", "address1": "20 Bedford Street", "address2": "Covent Garden", "county": "London", "country": "United Kingdom", "telephone": null, "slug": "caa"}, {"id": 1588, "name": "Cambridge Science Festival", "url": "http://www.cambridgescience.org", "city": "Cambridge", "postcode": "CB2 1TN", "address1": "Pitt Building", "address2": "Trumpington Street", "county": "Cambridgeshire", "country": "United Kingdom", "telephone": "01223 766766", "slug": "cambridge-science-festival"}, {"id": 3436, "name": "Cambridge Science Festival", "url": "", "city": "Cambridge", "postcode": "CB2 1TN", "address1": "Trinity Lane", "address2": null, "county": "Cambridgeshire", "country": "United Kingdom", "telephone": null, "slug": "cambridge-science-festival"}, {"id": 910, "name": "Cambridge Science Festival", "url": "http://www.cambridgescience.org", "city": "Cambridge", "postcode": "CB2 1TN", "address1": "Pitt Building", "address2": "Trumpington Street", "county": "Cambridgeshire", "country": "United Kingdom", "telephone": "+44 12 23 76 67 66", "slug": "cambridge-science-festival"}, {"id": 3034, "name": "Cambridge University Science and Policy Exchange", "url": "http://www.cuspe.org", "city": "Cambridge", "postcode": "CB2 3RF", "address1": "c/o Cambridge University Students' Union, Old Examination Hall", "address2": "Free School Lane", "county": "Cambridgeshire", "country": "United Kingdom", "telephone": null, "slug": "cambridge-university-science-and-policy-exchange"}, {"id": 3426, "name": "Centre for Open Learning, University of Edinburgh", "url": "http://Www.ed.ac.uk/short-courses", "city": "Edinburgh ", "postcode": "EH8 8AQ", "address1": "Paterson’s Land", "address2": "Holyrood Road", "county": "Midlothian", "country": "United Kingdom", "telephone": "0131 650 4400", "slug": "centre-for-open-learning-university-of-edinburgh"}, {"id": 48, "name": "Centre for Research in Translation", "url": "http://www.mdx.ac.uk", "city": "London", "postcode": "N17 8HR", "address1": "Middlesex University", "address2": "White Hart Lane", "county": "London", "country": "United Kingdom", "telephone": "+44 20 84 11 54 33", "slug": "centre-for-research-in-translation"}, {"id": 37, "name": "Chamberlain MCauley", "url": "", "city": "London", "postcode": "SE10 8RE", "address1": "c/o GDA, The Borough Hall", "address2": "Royal Hill", "county": "London", "country": "United Kingdom", "telephone": "+44 20 88 58 55 45", "slug": "chamberlain-mcauley"}, {"id": 2461, "name": "Chancellor's Hall Senate House", "url": "", "city": "London", "postcode": "WC1E 6HU", "address1": "Malet  St. City of London", "address2": null, "county": "London", "country": "United Kingdom", "telephone": null, "slug": "chancellors-hall-senate-house"}, {"id": 2470, "name": "Core Gallery", "url": "http://coregallery.co.uk/", "city": "London", "postcode": "SE8 3DX", "address1": "8 - 12 Creekside", "address2": "Deptford", "county": "London", "country": "United Kingdom", "telephone": "020 8692 2783", "slug": "core-gallery"}, {"id": 1314, "name": "Da'watul Islam Youth Group", "url": "http://www.diyg.org.uk/", "city": "London", "postcode": "E1 2ND", "address1": "Darul Ummah", "address2": "56 Bigland Street", "county": "London", "country": "United Kingdom", "telephone": "0207 790 5166", "slug": "dawatul-islam-youth-group"}, {"id": 453, "name": "DCMS", "url": "", "city": "London", "postcode": "SW1Y 5DH", "address1": "2-4 Cockspur Street", "address2": null, "county": "London", "country": "United Kingdom", "telephone": null, "slug": "dcms"}, {"id": 1715, "name": "De Montfort University Distinguished Lecture Series", "url": "http://dmu.ac.uk/news_events/events/dls/index.jsp", "city": "Leicester", "postcode": "LE1 9GT", "address1": "Trinity House", "address2": "The Gateway", "county": "Leicestershire", "country": "United Kingdom", "telephone": "01162577452", "slug": "de-montfort-university-distinguished-lecture-series"}, {"id": 631, "name": "Dept of Electronic & Electrical Engineering UCL", "url": "http://www.ee.ucl.ac.uk/", "city": "London", "postcode": "WC1E 7JE", "address1": "Torrington Place", "address2": "", "county": "London", "country": "United Kingdom", "telephone": "+44 20 76 79 73 06", "slug": "dept-of-electronic-electrical-engineering-ucl"}, {"id": 425, "name": "Discursis", "url": "http://www.discursis.org", "city": "London", "postcode": "NW11 9FS", "address1": "P O Box 33320", "address2": "", "county": "London", "country": "United Kingdom", "telephone": "0777 1946 444", "slug": "discursis"}, {"id": 461, "name": "Discursis", "url": "http://www.discursis.org", "city": "London", "postcode": "NW11 9FS", "address1": "PO Box 33320", "address2": null, "county": "London", "country": "United Kingdom", "telephone": null, "slug": "discursis"}, {"id": 129, "name": "DUG New Media", "url": "", "city": "London", "postcode": "NW6 2PA", "address1": "117B West End Lane", "address2": null, "county": "London", "country": "United Kingdom", "telephone": "+44 20 73 28 07 08", "slug": "dug-new-media"}, {"id": 1069, "name": "Ecology and Conservation Studies Society", "url": "", "city": "London", "postcode": "NW5 1EL", "address1": "17 Croftdown Road", "address2": null, "county": "Middlesex", "country": "United Kingdom", "telephone": "020 7485 7903", "slug": "ecology-and-conservation-studies-society"}, {"id": 2950, "name": "Enterprise and Entrepreneurship, Ravensbourne", "url": "http://www.ravensbourne.ac.uk", "city": "North Greenwich", "postcode": "SE10 0EW", "address1": "6 Penrose Way", "address2": "", "county": "London", "country": "United Kingdom", "telephone": "020 3040 3609", "slug": "enterprise-and-entrepreneurship-ravensbourne"}, {"id": 740, "name": "Ethical Society", "url": "http://www.ethicalsoc.org.uk", "city": "London", "postcode": "WC1R 4RL", "address1": "Conway Hall", "address2": "25 Red Lion Square", "county": "Other county, or outside UK/Eire", "country": "United Kingdom", "telephone": "0207 242 8037", "slug": "ethical-society"}, {"id": 2432, "name": "European Institute, UCL", "url": "http://www.ucl.ac.uk/european-institute/", "city": "London", "postcode": "WC1E 6BT", "address1": "Gower Street", "address2": "", "county": "London", "country": "United Kingdom", "telephone": "020 7679 5808", "slug": "european-institute-ucl"}, {"id": 2285, "name": "Fondazione Palazzo Strozzi", "url": "", "city": "FLorence", "postcode": "50 123", "address1": "p.zza Strozzi 50123 ", "address2": null, "county": "Aberdeenshire", "country": "United Kingdom", "telephone": null, "slug": "fondazione-palazzo-strozzi"}, {"id": 2286, "name": "Fondazione Palazzo Strozzi", "url": "", "city": "FLorence", "postcode": "50 123", "address1": "p.zza Strozzi ", "address2": null, "county": "Other county, or outside UK/Eire", "country": "Italy", "telephone": null, "slug": "fondazione-palazzo-strozzi"}, {"id": 2751, "name": "Geffrye Museum", "url": "", "city": "London", "postcode": "E2 8EA", "address1": "KINGSLAND ROAD", "address2": null, "county": "London", "country": "United Kingdom", "telephone": null, "slug": "geffrye-museum"}, {"id": 2471, "name": "German Historical Institute", "url": "", "city": "London", "postcode": "WC1A 2NJ", "address1": "17 Bloomsbury Square", "address2": null, "county": "London", "country": "United Kingdom", "telephone": null, "slug": "german-historical-institute"}, {"id": 2641, "name": "Giving What We Can: London", "url": "http://www.givingwhatwecan.org/London", "city": "London", "postcode": "NW7 2AA", "address1": "25 Langley Park", "address2": null, "county": "London", "country": "United Kingdom", "telephone": "07586888103", "slug": "giving-what-we-can-london"}, {"id": 304, "name": "Glasshouse Partnership", "url": "http://www.glasshousepartnership.com", "city": "London", "postcode": "W1T 1 DJ", "address1": "8 Percy Street", "address2": "", "county": "London", "country": "United Kingdom", "telephone": "0207 079 9219", "slug": "glasshouse-partnership"}, {"id": 1769, "name": "Glasshouse Partnership", "url": "http://www.glasshousepartnership.com", "city": "London", "postcode": "W1T 1DJ", "address1": "8 Percy Street", "address2": null, "county": "Kent", "country": "United Kingdom", "telephone": "0207 079 9219", "slug": "glasshouse-partnership"}, {"id": 1232, "name": "Global Health Forum", "url": "", "city": "London", "postcode": "W5 4RB", "address1": "Medsin-Imperial", "address2": "66a Sterling Place", "county": "London", "country": "United Kingdom", "telephone": "07709566752", "slug": "global-health-forum"}, {"id": 3162, "name": "Gwent Osteoporosis Group", "url": "", "city": "Llanover", "postcode": "NP7 9HB", "address1": "Village Hall Llanover, ", "address2": null, "county": "Monmouthshire", "country": "United Kingdom", "telephone": null, "slug": "gwent-osteoporosis-group"}, {"id": 3269, "name": "Herman Miller", "url": "http://www.hminsightgroup.com", "city": "London", "postcode": "WC2B 4AE", "address1": "61 Aldwych", "address2": null, "county": "London", "country": "United Kingdom", "telephone": "07774494982", "slug": "herman-miller"}, {"id": 2390, "name": "Hilderstone College", "url": "http://www.thefintrytrust.org.uk", "city": "Broadstairs", "postcode": "CT10 2JW", "address1": "St Peter's Road", "address2": null, "county": "Kent", "country": "United Kingdom", "telephone": "07768263667", "slug": "hilderstone-college"}, {"id": 3182, "name": "Hilton London Metropole Hotel", "url": "", "city": "London", "postcode": "W2 1JU", "address1": "225", "address2": "Edgware Road", "county": "London", "country": "United Kingdom", "telephone": null, "slug": "hilton-london-metropole-hotel"}, {"id": 3052, "name": "HMS President", "url": "http://totallythames.org/events/info/londonist-afloat-terrific-tales-of-the-thames", "city": "London ", "postcode": "EC4Y 0HJ", "address1": "Victoria Embankment ", "address2": null, "county": "London", "country": "United Kingdom", "telephone": null, "slug": "hms-president"}, {"id": 3053, "name": "HMS President", "url": "http://totallythames.org/events/info/londonist-the-geek-off", "city": "London ", "postcode": "EC4Y 0HJ", "address1": "Victoria Embankment ", "address2": null, "county": "London", "country": "United Kingdom", "telephone": null, "slug": "hms-president"}, {"id": 814, "name": "Holburne Museum of Art", "url": "http://bath.ac.uk/holburne", "city": "Bath", "postcode": "BA2 4DB", "address1": "Great Pulteney Street", "address2": null, "county": "Somerset", "country": "United Kingdom", "telephone": "01225 466669", "slug": "holburne-museum-of-art"}, {"id": 1566, "name": "Hungarian Cultural Centre", "url": "http://www.hungary.org.uk/", "city": "London", "postcode": "WC2E 7NA", "address1": "10 Maiden Lane", "address2": "Covent Garden", "county": "London", "country": "United Kingdom", "telephone": "020 7240 8448", "slug": "hungarian-cultural-centre"}, {"id": 1046, "name": "Inns Of Court School of Law", "url": "http://www.city.ac.uk/maps/icsl/index.html", "city": "London", "postcode": "W1CR 5EZ", "address1": "Morrison Hall", "address2": "Atkin Building, Gray's Inn", "county": "London", "country": "United Kingdom", "telephone": null, "slug": "inns-of-court-school-of-law"}, {"id": 1931, "name": "Institute of Fisheries Management", "url": "http://www.ifm.org.uk/", "city": "Nottingham", "postcode": "NG2 7LF", "address1": "22 Rushworth Avenue", "address2": "West Bridgford", "county": "Nottinghamshire", "country": "United Kingdom", "telephone": "0115 982 2317", "slug": "institute-of-fisheries-management"}, {"id": 618, "name": "Institute of Social Psychology, LSE", "url": "http://www.psych.lse.ac.uk/socialpsychology/", "city": "LONDON", "postcode": "WC2A 2AE", "address1": "London School of Economics", "address2": "Houghton Street", "county": "London", "country": "United Kingdom", "telephone": "+44 (0)20 7955 7712", "slug": "institute-of-social-psychology-lse"}, {"id": 1117, "name": "Intelligence Squared Limited", "url": "http://www.iq2londonparisfestival.com", "city": "London", "postcode": "W1F 7QH", "address1": "45 Foubert's Place", "address2": "", "county": "London", "country": "United Kingdom", "telephone": "+44 (0)20 74831410", "slug": "intelligence-squared-limited"}, {"id": 1493, "name": "Jeevika Trust", "url": "http://www.jeevika.org.uk", "city": "Hampton Wick", "postcode": "KT1 4DB", "address1": "Navigator House", "address2": "60 High Street", "county": "Surrey", "country": "United Kingdom", "telephone": "020 8973 3773", "slug": "jeevika-trust"}, {"id": 2922, "name": "Knole, National Trust", "url": "http://www.nationaltrust.org.uk/knole", "city": "Sevenoaks", "postcode": "TN15 0RP", "address1": "Knole", "address2": "The National Trust", "county": "Kent", "country": "United Kingdom", "telephone": "01732462100", "slug": "knole-national-trust"}, {"id": 2055, "name": "Kowalsky Gallery", "url": "", "city": "London", "postcode": "EC1V 0DX", "address1": "33 Great Sutton Street", "address2": null, "county": "London", "country": "United Kingdom", "telephone": null, "slug": "kowalsky-gallery"}, {"id": 1542, "name": "Lab 1, Whitechapel Idea Store, Brick Lane Circle", "url": "http://www.bricklanecircle.org", "city": "London", "postcode": "E1 1BU", "address1": "321 Whitechapel Road", "address2": null, "county": "London", "country": "United Kingdom", "telephone": "07960844117", "slug": "lab-1-whitechapel-idea-store-brick-lane-circle"}, {"id": 1543, "name": "Lab 1, Whitechapel Idea Store, Brick Lane Circle", "url": "http://www.facebook.com/group.php?gid=8966253245", "city": "London", "postcode": "E1 1BU", "address1": "321 Whitechapel Road", "address2": null, "county": "London", "country": "United Kingdom", "telephone": "07960844117", "slug": "lab-1-whitechapel-idea-store-brick-lane-circle"}, {"id": 3137, "name": "London Interfaith Centre", "url": "", "city": "London", "postcode": "NW6 6RG", "address1": "125 Salusbury Road", "address2": "West Kilburn", "county": "London", "country": "United Kingdom", "telephone": null, "slug": "london-interfaith-centre"}, {"id": 2655, "name": "London Natural History Society", "url": "", "city": "London", "postcode": "W1J 0BF", "address1": "C/O The Linnean Society of London", "address2": "Burlington House, Piccadilly", "county": "London", "country": "United Kingdom", "telephone": null, "slug": "london-natural-history-society"}, {"id": 3442, "name": "London Natural History Society", "url": "http://lnhs.org.uk/", "city": "Greenford ", "postcode": "UB6 0JU", "address1": "381B", "address2": " Whitton Ave E", "county": "London", "country": "United Kingdom", "telephone": "07935261398", "slug": "london-natural-history-society"}, {"id": 422, "name": "MCC", "url": "", "city": "London", "postcode": "N4 3BL", "address1": "Middlesex University", "address2": "White Hart Lane", "county": "London", "country": "United Kingdom", "telephone": "02072724756", "slug": "mcc"}, {"id": 3471, "name": "Meadows Lecture Theatre", "url": "", "city": "Edinburgh", "postcode": "EH8 9AG", "address1": "Old Medical School, University of Edinburgh", "address2": "Teviot Place", "county": "Midlothian", "country": "United Kingdom", "telephone": null, "slug": "meadows-lecture-theatre"}, {"id": 2330, "name": "Milkwood Gallery", "url": "http://www.milkwoodgallery.com/joomla/index.php", "city": "Cardiff", "postcode": "CF24 3LS", "address1": "41 Lochaber Street", "address2": "Roath", "county": "Glamorgan", "country": "United Kingdom", "telephone": null, "slug": "milkwood-gallery"}, {"id": 1988, "name": "Misson Grove School", "url": "http://meet.nickclegg.com/walthamstow", "city": "London", "postcode": "E17 7EJ", "address1": "Buxton Rd", "address2": "Walthamstow", "county": "London", "country": "United Kingdom", "telephone": null, "slug": "misson-grove-school"}, {"id": 244, "name": "NESTA - P&R", "url": "http://www.nesta.org.uk", "city": "London", "postcode": "EC4R 3TW", "address1": "Fishmongers' Chambers", "address2": "110 Upper Thames Street", "county": "London", "country": "United Kingdom", "telephone": "020 7645 9603", "slug": "nesta-pr"}, {"id": 3268, "name": "Netherwent & Llanvaches WI", "url": "", "city": "Near Chepstow", "postcode": "NP26 3AY", "address1": "Llanvaches Church Hall", "address2": null, "county": "Gwent", "country": "United Kingdom", "telephone": null, "slug": "netherwent-llanvaches-wi"}, {"id": 1609, "name": "New Media Scotland", "url": "http://www.mediascot.org", "city": "Edinburgh", "postcode": "", "address1": "45 Marchmont Crescent", "address2": null, "county": "Midlothian", "country": "United Kingdom", "telephone": "01314773774", "slug": "new-media-scotland"}, {"id": 728, "name": "New Media Scotland", "url": "http://www.mediascot.org", "city": "Edinburgh", "postcode": "EH9 1HE", "address1": "45 Marchmont Crescent", "address2": null, "county": "Midlothian", "country": "United Kingdom", "telephone": "07932693697", "slug": "new-media-scotland"}, {"id": 865, "name": "New Walk Museum and Art gallery", "url": "", "city": "Leicester", "postcode": "", "address1": "52 New Walk", "address2": null, "county": "Leicestershire", "country": "United Kingdom", "telephone": null, "slug": "new-walk-museum-and-art-gallery"}, {"id": 866, "name": "New Walk Museum and Art gallery", "url": "", "city": "Leicester", "postcode": "LE1 7EA", "address1": "52 New Walk", "address2": null, "county": "Leicestershire", "country": "United Kingdom", "telephone": null, "slug": "new-walk-museum-and-art-gallery"}, {"id": 3396, "name": "Newport Probus", "url": "", "city": "Cwmbran, Gwent", "postcode": "NP44 2BZ", "address1": "Greenmeadow Golf and Country Club", "address2": "Tre-Herbert Rd,Croesyceiliog", "county": "Gwent", "country": "United Kingdom", "telephone": null, "slug": "newport-probus"}, {"id": 3058, "name": "Newport U3A", "url": "http://www.newportu3a.org.uk/", "city": "Newport", "postcode": "NP20 5JH", "address1": "Shaftsbury Methodist Church", "address2": "Shaftsbury Street", "county": "Gwent", "country": "United Kingdom", "telephone": null, "slug": "newport-u3a"}, {"id": 3168, "name": "Nobles Hospital", "url": "", "city": "Isle of Man", "postcode": "IM4 4RJ", "address1": "Strang", "address2": "Isle of Man", "county": "Aberdeenshire", "country": "United Kingdom", "telephone": null, "slug": "nobles-hospital"}, {"id": 2301, "name": "One Queen Anne’s Gate", "url": "http://www.oneqag.co.uk/", "city": "London", "postcode": "SW1H 9BT", "address1": "Westminster", "address2": null, "county": "London", "country": "United Kingdom", "telephone": null, "slug": "one-queen-annes-gate"}, {"id": 340, "name": "Ottakar's Cirencester", "url": "http://www.ottakars.co.uk/Internet/shopfinder/shopdetails.jsp?ShopID=OTT005#", "city": "Cirencester", "postcode": "GL7 1LL", "address1": "14 Cricklade St", "address2": null, "county": "Gloucestershire", "country": "United Kingdom", "telephone": "01285 658998", "slug": "ottakars-cirencester"}, {"id": 183, "name": "Ottakar's Norwich", "url": "http://www.ottakars.co.uk/Internet/shopfinder/shopdetails.jsp?ShopID=OTT107", "city": "Norwich", "postcode": "NR2 1PB", "address1": "11-17 Castle Street", "address2": null, "county": "Norfolk", "country": "United Kingdom", "telephone": "+44 16 03 76 72 92", "slug": "ottakars-norwich"}, {"id": 346, "name": "Ottakar's Norwich", "url": "", "city": "Norwich", "postcode": "NR2 1PB", "address1": "11 - 17 Castle Street", "address2": null, "county": "Norfolk", "country": "United Kingdom", "telephone": "01603 767292", "slug": "ottakars-norwich"}, {"id": 2084, "name": "Parenting UK", "url": "http://www.parentinguk.org", "city": "London", "postcode": "NW5 1TL", "address1": "Unit 431 Highgate Studios", "address2": "53-79 Highgate Road", "county": "London", "country": "United Kingdom", "telephone": "020 7284 8370", "slug": "parenting-uk"}, {"id": 3406, "name": "Peak Dynamics", "url": "http://www.peak-dynamics.net", "city": "London", "postcode": "W1K 2JD", "address1": "34 Park St", "address2": null, "county": "London", "country": "United Kingdom", "telephone": "0207042 9290", "slug": "peak-dynamics"}, {"id": 2203, "name": "Portland Hall, University of Westminster", "url": "http://www.westminster.ac.uk", "city": "London", "postcode": "W1W 7UW", "address1": "4-12 Little Titchfield Street", "address2": null, "county": "London", "country": "United Kingdom", "telephone": null, "slug": "portland-hall-university-of-westminster"}, {"id": 1717, "name": "Professorial Lecture Series", "url": "http://www.dmu.ac.uk/news_events/events/listofevents.jsp", "city": "Leicester", "postcode": "LE1 9BH", "address1": "De Montfort University", "address2": "The Gateway", "county": "Leicestershire", "country": "United Kingdom", "telephone": "01162577452", "slug": "professorial-lecture-series"}, {"id": 3140, "name": "Reading Room", "url": "http://www.firstlondon.org", "city": "london", "postcode": "W8 6TA", "address1": "8 Wright's Lane", "address2": null, "county": "London", "country": "United Kingdom", "telephone": "02079373161", "slug": "reading-room"}, {"id": 3415, "name": "retired lecturer University of Hull", "url": "", "city": "Hull", "postcode": "HU7 5XR", "address1": "13 Glebe Road", "address2": "Wawne", "county": "East Riding", "country": "United Kingdom", "telephone": "01482 821249", "slug": "retired-lecturer-university-of-hull"}, {"id": 1301, "name": "Room J116 (Canada Blanch Room)", "url": "", "city": "London", "postcode": "WC2A 2AE", "address1": "Cowdray House", "address2": "European Institute, LSE", "county": "London", "country": "United Kingdom", "telephone": null, "slug": "room-j116-canada-blanch-room"}, {"id": 558, "name": "Rootstein Hopkins Space", "url": "http://www.own-it.org", "city": "London", "postcode": "", "address1": "London College of Fashion", "address2": "John Princes Street", "county": "London", "country": "United Kingdom", "telephone": "020 7514 7985", "slug": "rootstein-hopkins-space"}, {"id": 3158, "name": "Royal College of Obstetricians and Gynaecologists", "url": "", "city": "London", "postcode": "NW1 4RG", "address1": "27 Sussex", "address2": "Regent's Park", "county": "London", "country": "United Kingdom", "telephone": null, "slug": "royal-college-of-obstetricians-and-gynaecologists"}, {"id": 1038, "name": "Royal Society", "url": "http://www.royalsoc.ac.uk", "city": "London", "postcode": "SW1Y 5AG", "address1": "6-9 Carlton House Terrace", "address2": null, "county": "London", "country": "United Kingdom", "telephone": "020 7451 2510", "slug": "royal-society"}, {"id": 3350, "name": "School of Business and Management", "url": "http://www.busman.qmul.ac.uk/", "city": "London", "postcode": "E1 4NS", "address1": "Fourth Floor The Bancroft Building", "address2": "Queen Mary University of London, 327 Mile End Road", "county": "London", "country": "United Kingdom", "telephone": "020 7782 3048", "slug": "school-of-business-and-management"}, {"id": 2968, "name": "School of Law, Middlesex University", "url": "http://www.mdx.ac.uk/aboutus/Schools/law/index.aspx", "city": "London", "postcode": "NW4 4BT", "address1": "The Burroughs", "address2": null, "county": "London", "country": "United Kingdom", "telephone": "+44 20 84 11 50 00", "slug": "school-of-law-middlesex-university"}, {"id": 2659, "name": "SCI", "url": "http://www.soci.org/Events/Event-Search-Results?all=True", "city": "London", "postcode": "SW1X 8PS", "address1": "15 Belgrave Square", "address2": "", "county": "London", "country": "United Kingdom", "telephone": "02075981500", "slug": "sci"}, {"id": 2816, "name": "SCI", "url": "http://https://www.soci.org/General-Pages/Display-Event.aspx?EventCode=ECSSC220413", "city": "London", "postcode": "SW1X 8PS", "address1": "14/15 Belgrave Square", "address2": null, "county": "London", "country": "United Kingdom", "telephone": "020 7598 1584", "slug": "sci"}, {"id": 2817, "name": "SCI", "url": "http://www.soci.org/News/SCI-Day-of-Science-and-Careers.aspx", "city": "London", "postcode": "SW1X 8PS", "address1": "14-15 Belgrave Square", "address2": null, "county": "London", "country": "United Kingdom", "telephone": "442075981500", "slug": "sci"}, {"id": 1934, "name": "Shoulder of Mutton", "url": "http://www.cafe-scientifique-brampton.org.uk", "city": "Brampton", "postcode": "CA8 1NG", "address1": "Front Street", "address2": null, "county": "Cumbria", "country": "United Kingdom", "telephone": null, "slug": "shoulder-of-mutton"}, {"id": 1644, "name": "SOAS Endangered Languages Project", "url": "http://www.hrelp.org", "city": "London", "postcode": "WC1H 0XH", "address1": "Thornhaugh Street", "address2": "Russell Square", "county": "Middlesex", "country": "United Kingdom", "telephone": "02078984578", "slug": "soas-endangered-languages-project"}, {"id": 396, "name": "Southampton Institute", "url": "http://www.solent.ac.uk/culturaltranslations", "city": "Southampton", "postcode": "SO14 0RF", "address1": "East Park Terrace", "address2": null, "county": "Hampshire", "country": "United Kingdom", "telephone": "023 8059 8405", "slug": "southampton-institute"}, {"id": 435, "name": "Southampton Institute", "url": "http://www.solent.ac.uk", "city": "Southampton", "postcode": "SO14 0RP", "address1": "Herbert Collins Building Room 17", "address2": "East Park Terrace", "county": "Hampshire", "country": "United Kingdom", "telephone": "023 8031 9000", "slug": "southampton-institute"}, {"id": 2898, "name": "St Bride's Church", "url": "http://www.stbrides.com", "city": "City of London", "postcode": "EC4Y 8AU", "address1": "St Bride's Church", "address2": "Fleet Street", "county": "London", "country": "United Kingdom", "telephone": "020 7427 0133", "slug": "st-brides-church"}, {"id": 2059, "name": "St John's College", "url": "", "city": "Oxford", "postcode": "OX7 3JP", "address1": "University of Oxford", "address2": "St Giles", "county": "Oxfordshire", "country": "United Kingdom", "telephone": null, "slug": "st-johns-college"}, {"id": 2424, "name": "St John's College", "url": "http://www.admin.cam.ac.uk/univ/disability/lecture/", "city": "Cambridge", "postcode": "CB2 1TP", "address1": "Palmerston Room, Fisher Building", "address2": "St John’s Street", "county": "Cambridgeshire", "country": "United Kingdom", "telephone": "01223 332 301", "slug": "st-johns-college"}, {"id": 2341, "name": "St Martin-in-the-Fields", "url": "http://www.smitf.org", "city": "London", "postcode": "WC2N 4JJ", "address1": "Trafalgar Square", "address2": "", "county": "London", "country": "United Kingdom", "telephone": "020 7766 1100", "slug": "st-martin-in-the-fields"}, {"id": 539, "name": "St. Ambrose Church Hall", "url": "http://www.powerofpositiveliving.com", "city": "Bournemouth", "postcode": "BH4 8BE", "address1": "72 West Cliff Road", "address2": "Westbourne", "county": "Dorset", "country": "United Kingdom", "telephone": "01202 581898", "slug": "st-ambrose-church-hall"}, {"id": 526, "name": "St. Martin-in-the-Fields", "url": "http://www.stmartin-in-the-fields.org", "city": "London", "postcode": "WC2N 4JJ", "address1": "6 St. Martin's Place", "address2": null, "county": "London", "country": "United Kingdom", "telephone": "020 7766 1102", "slug": "st-martin-in-the-fields"}, {"id": 2050, "name": "Thames Discovery Programme", "url": "http://www.thamesdiscovery.org", "city": "London", "postcode": "N1 7ED", "address1": "c/o LAARC Mortimer Wheeler House", "address2": "46 Eagle Wharf Road", "county": "London", "country": "United Kingdom", "telephone": "0207 566 9310", "slug": "thames-discovery-programme"}, {"id": 2584, "name": "The Doodle Bar", "url": "http://www.thedoodlebar.com", "city": "London", "postcode": "SW11 4NP", "address1": "33 Parkgate Road", "address2": null, "county": "London", "country": "United Kingdom", "telephone": "07950952031", "slug": "the-doodle-bar"}, {"id": 2172, "name": "The Friends' Meeting House", "url": "", "city": "Oxford", "postcode": " ", "address1": "43 St Giles", "address2": null, "county": "Oxfordshire", "country": "United Kingdom", "telephone": null, "slug": "the-friends-meeting-house"}, {"id": 2979, "name": "The Hay Festival", "url": "", "city": "Hay on Wye", "postcode": "HR3 5PJ", "address1": "Dairy Meadows", "address2": "Brecon Road", "county": "Herefordshire", "country": "United Kingdom", "telephone": null, "slug": "the-hay-festival"}, {"id": 3031, "name": "The Information Project", "url": "", "city": "London", "postcode": "SE19 1RA", "address1": "8 Thorsden Way", "address2": null, "county": "London", "country": "United Kingdom", "telephone": null, "slug": "the-information-project"}, {"id": 1102, "name": "The John Hall Venice Course", "url": "http://www.johnhallvenice.com", "city": "London", "postcode": "SW18 5JJ", "address1": "9 Smeaton Road", "address2": "", "county": "London", "country": "United Kingdom", "telephone": "+44 20 88 71 47 47", "slug": "the-john-hall-venice-course"}, {"id": 319, "name": "The London School of Economics & Political Science", "url": "http://www.lse.ac.uk/events", "city": "London", "postcode": "WC2A 2AE", "address1": "Houghton Street", "address2": "", "county": "London", "country": "United Kingdom", "telephone": "020 7955 6043", "slug": "the-london-school-of-economics-political-science"}, {"id": 2251, "name": "The Magdala", "url": "", "city": "London", "postcode": "NW3 2SB", "address1": "2a South Hill Park", "address2": null, "county": "London", "country": "United Kingdom", "telephone": "02074319866", "slug": "the-magdala"}, {"id": 1166, "name": "The New Club", "url": "http://www.newclub.co.uk/", "city": "Edinburgh", "postcode": "EH2 2BB", "address1": "86 Princes St", "address2": null, "county": "Midlothian", "country": "United Kingdom", "telephone": "0131 226 4881", "slug": "the-new-club"}, {"id": 1326, "name": "The Old Kings Head", "url": "http://www.skeptic.org.uk/pub/", "city": "London", "postcode": "SE1 1NA", "address1": "Kings Head Yard", "address2": "45 Borough High Street", "county": "London", "country": "United Kingdom", "telephone": "(020) 7407 1550", "slug": "the-old-kings-head"}, {"id": 2412, "name": "The Pembroke Castle", "url": "", "city": "London", "postcode": "NW1 8JA", "address1": "150 Gloucester Avenue", "address2": null, "county": "London", "country": "United Kingdom", "telephone": "02074319866", "slug": "the-pembroke-castle"}, {"id": 1718, "name": "The Queens Building, De Montfort University", "url": "", "city": "Leicester", "postcode": "LE1 9BH", "address1": "De Montfort University", "address2": "The Gateway", "county": "Leicestershire", "country": "United Kingdom", "telephone": "0116 257 7452", "slug": "the-queens-building-de-montfort-university"}, {"id": 2093, "name": "The Society of Antiquaries", "url": "", "city": "London", "postcode": "W1J 0BE", "address1": "Burlington House", "address2": "Piccadilly", "county": "London", "country": "United Kingdom", "telephone": "0207 736 6891", "slug": "the-society-of-antiquaries"}, {"id": 380, "name": "The Tobacco Factory", "url": "http://www.cyberlife-research.com/cafe-sci/index.htm", "city": "Bristol", "postcode": "BS3 1TF", "address1": "Raliegh Road", "address2": "Southville", "county": "Bristol", "country": "United Kingdom", "telephone": null, "slug": "the-tobacco-factory"}, {"id": 2153, "name": "The Wheatsheaf", "url": "", "city": "London ", "postcode": "W1T 1DG", "address1": "25 Rathbone Place", "address2": null, "county": "London", "country": "United Kingdom", "telephone": "020 8960 7172", "slug": "the-wheatsheaf"}, {"id": 1706, "name": "The Wheatsheaf", "url": "http://www.bigi.org.uk", "city": "London", "postcode": "W1T 1DG", "address1": "25 Rathbone Place", "address2": null, "county": "London", "country": "United Kingdom", "telephone": null, "slug": "the-wheatsheaf"}, {"id": 1707, "name": "The Wheatsheaf", "url": "", "city": "London", "postcode": "W1T 1DG", "address1": "25 Rathbone Place", "address2": null, "county": "London", "country": "United Kingdom", "telephone": null, "slug": "the-wheatsheaf"}, {"id": 1807, "name": "The Wheatsheaf", "url": "", "city": "Woking", "postcode": "GU21 4AL", "address1": "Chobham Road", "address2": null, "county": "Surrey", "country": "United Kingdom", "telephone": null, "slug": "the-wheatsheaf"}, {"id": 3392, "name": "The White Building", "url": "http://www.spacestudios.org.uk/technology-cats/the-white-building/", "city": "London", "postcode": "E9 5EN", "address1": "7, The White Building, Queen's Yard", "address2": "Hackney Wick", "county": "London", "country": "United Kingdom", "telephone": "020 8525 4330", "slug": "the-white-building"}, {"id": 1257, "name": "Typographic Circle", "url": "http://www.typocircle.co.uk", "city": "London", "postcode": "W14 0QL", "address1": "c/o Corporate Edge", "address2": "149 Hammersmith Road", "county": "London", "country": "United Kingdom", "telephone": "020 7033 1858", "slug": "typographic-circle"}, {"id": 1553, "name": "UCLU Friends of Palestine", "url": "", "city": "London", "postcode": "WC1H 0AY", "address1": "University College London Union (UCLU)", "address2": "2nd Floor, Bloomsbury Building, 15 Gordon Street", "county": "West Yorkshire", "country": "United Kingdom", "telephone": "07515371068", "slug": "uclu-friends-of-palestine"}, {"id": 2444, "name": "UK Humanity+", "url": "http://humanityplus.org.uk/", "city": "London", "postcode": "W1H 1PJ", "address1": "c/o Disruptive Analysis", "address2": "Suite 13, 19-21 Crawford Street", "county": "London", "country": "United Kingdom", "telephone": "02077237993", "slug": "uk-humanity"}, {"id": 2683, "name": "University of Edinburgh", "url": "http://www.edinburghfirst.co.uk/venues/john-mcintyre-conference-centre", "city": "Edinburgh", "postcode": "EH1 1HT", "address1": "John McIntyre Conference Centre", "address2": null, "county": "Aberdeenshire", "country": "United Kingdom", "telephone": "0131 651 2189", "slug": "university-of-edinburgh"}, {"id": 1041, "name": "University of Huddersfield", "url": "http://www.welovetechnology.org", "city": "HUDDERSFI ELD", "postcode": "", "address1": "Canal Side East", "address2": null, "county": "Yorkshire", "country": "United Kingdom", "telephone": null, "slug": "university-of-huddersfield"}, {"id": 1811, "name": "University of Hull", "url": "http://www.hull.ac.uk", "city": "Hull", "postcode": "HU6 7RX", "address1": "Cottingham Road", "address2": null, "county": "East Riding", "country": "United Kingdom", "telephone": "01482 466146", "slug": "university-of-hull"}, {"id": 2109, "name": "University of Leeds", "url": "", "city": "Leeds", "postcode": " ", "address1": "LS2 9JT", "address2": null, "county": "West Yorkshire", "country": "United Kingdom", "telephone": null, "slug": "university-of-leeds"}, {"id": 515, "name": "Voices from the Edge", "url": "http://www.wie.org/voices", "city": "London", "postcode": "N1 8QG", "address1": "13 Windsor Street", "address2": "Islington", "county": "London", "country": "United Kingdom", "telephone": "0207 288 7000", "slug": "voices-from-the-edge"}, {"id": 2433, "name": "Warburg Institute", "url": "http://warburg.sas.ac.uk/", "city": "London", "postcode": "WC1H 0AB", "address1": "Woburn Square", "address2": null, "county": "London", "country": "United Kingdom", "telephone": "+44 (0)20 7862 8949", "slug": "warburg-institute"}, {"id": 72, "name": "Waterstone's Canterbury", "url": "http://www.waterstones.co.uk", "city": "Canterbury", "postcode": "CT1 2XH", "address1": "20-21 St Margaret's Street", "address2": null, "county": "Kent", "country": "United Kingdom", "telephone": "+44 12 27 45 63 43", "slug": "waterstones-canterbury"}, {"id": 2159, "name": "We Love Technology", "url": "http://www.welovetechnolgy.org", "city": "Huddersfield", "postcode": "HD2 2TH", "address1": "39 Crescent Road", "address2": "Birkby", "county": "West Yorkshire", "country": "United Kingdom", "telephone": null, "slug": "we-love-technology"}, {"id": 1831, "name": "Wesley Memorial Methodist Church", "url": "http://www.coinet.org.uk", "city": "Oxford", "postcode": "OX1 2DH", "address1": "New Inn Hall Street", "address2": null, "county": "Oxfordshire", "country": "United Kingdom", "telephone": "01865 403 334", "slug": "wesley-memorial-methodist-church"}, {"id": 2947, "name": "Wesley's Chapel and Leysian Mission", "url": "http://www.wesleyschapel.org.uk/", "city": "London", "postcode": "EC1Y 1AU", "address1": "49 City Road", "address2": null, "county": "London", "country": "United Kingdom", "telephone": "02072532262", "slug": "wesleys-chapel-and-leysian-mission"}, {"id": 1124, "name": "Westminster School", "url": "", "city": "London", "postcode": "SW1P 3PB", "address1": "3 Dean's Yard", "address2": null, "county": "London", "country": "United Kingdom", "telephone": null, "slug": "westminster-school"}, {"id": 2861, "name": "William Cross, FSA Scot", "url": "https://about.me/william_cross", "city": "Newport", "postcode": "NP19 7JF", "address1": "58 Sutton Road", "address2": "", "county": "Gwent", "country": "United Kingdom", "telephone": "01633779731", "slug": "william-cross-fsa-scot"}]