[{"id": 2596, "name": "20//20 Collective", "url": "http://2020collective.tumblr.com", "city": "London", "postcode": "E2 8SB", "address1": "25 Linslade House", "address2": "Whiston Road", "county": "London", "country": "United Kingdom", "telephone": "07964 924555", "slug": "2020-collective"}, {"id": 1192, "name": "Adukt Courses, Victoria and Albert Museum", "url": "http://vam.ac.uk", "city": "London", "postcode": "SW7 2RL", "address1": "V&A", "address2": "South Kensington", "county": "London", "country": "United Kingdom", "telephone": "+44 20 79 42 22 71", "slug": "adukt-courses-victoria-and-albert-museum"}, {"id": 1104, "name": "Art Workers Guild", "url": "http://www.artworkersguild.org", "city": "London", "postcode": "WC1N 3AR", "address1": "6 Queen Square", "address2": "Bloomsbury", "county": "London", "country": "United Kingdom", "telephone": null, "slug": "art-workers-guild"}, {"id": 1289, "name": "Art Workers Guild", "url": "http://www.artworkersguild.org", "city": "London", "postcode": "WC1N 3AR", "address1": "6 Queen Square", "address2": null, "county": "London", "country": "United Kingdom", "telephone": null, "slug": "art-workers-guild"}, {"id": 1809, "name": "Art Workers Guild", "url": "", "city": "London", "postcode": "WC1N 3AT", "address1": "Art Workers Guild", "address2": "", "county": "London", "country": "United Kingdom", "telephone": "", "slug": "art-workers-guild"}, {"id": 1810, "name": "Art Workers Guild", "url": "", "city": "London", "postcode": "WC1N 3AT", "address1": "6 Queen Square", "address2": null, "county": "London", "country": "United Kingdom", "telephone": null, "slug": "art-workers-guild"}, {"id": 1695, "name": "Auroville International UK", "url": "http://www.aviuk.org", "city": "Norwich", "postcode": "NR14 7AG", "address1": "30 The Green", "address2": "Surlingham", "county": "Norfolk", "country": "United Kingdom", "telephone": "01508 538300", "slug": "auroville-international-uk"}, {"id": 1110, "name": "Bath Roayl Literary & Scientific Institution", "url": "http://www.brlsi.org", "city": "BATH", "postcode": "BA1 2HN", "address1": "16-18 Queen Square", "address2": null, "county": "Somerset", "country": "United Kingdom", "telephone": "01225 312084", "slug": "bath-roayl-literary-scientific-institution"}, {"id": 1702, "name": "behi", "url": "", "city": "kerman", "postcode": "", "address1": "kerman", "address2": null, "county": "Oxfordshire", "country": "Islamic Republic of Iran", "telephone": "09132430601", "slug": "behi"}, {"id": 718, "name": "Birkbeck Philosophy Society", "url": "http://www.bbkphilsoc.org.uk", "city": "London", "postcode": "WC1E 7HX", "address1": "Birkbeck College", "address2": "Malet Street", "county": "London", "country": "United Kingdom", "telephone": "07720 914 945", "slug": "birkbeck-philosophy-society"}, {"id": 3420, "name": "Blackwell's Bookshop Edinburgh", "url": "http://www,eventbrite.co.uk", "city": "Edinburgh", "postcode": "EH1 1YS", "address1": "53-62 South Bridge", "address2": null, "county": "Midlothian", "country": "United Kingdom", "telephone": "0131 622 8222", "slug": "blackwells-bookshop-edinburgh"}, {"id": 132, "name": "Borders", "url": "http://www.borders.co.uk", "city": "Birmingham", "postcode": "B5 4BE", "address1": "Bullring Shopping Centre", "address2": null, "county": "West Midlands", "country": "United Kingdom", "telephone": "+44 12 16 16 10 94", "slug": "borders"}, {"id": 133, "name": "Borders", "url": "http://www.borders.co.uk", "city": "Bournemouth", "postcode": "BH2 6DT", "address1": "The Square", "address2": "4-21 Bourne Avenue", "county": "Dorset", "country": "United Kingdom", "telephone": "+44 12 02 58 97 36", "slug": "borders"}, {"id": 131, "name": "Borders", "url": "http://www.borders.co.uk", "city": "London", "postcode": "E6 7ER", "address1": "Gallions Reach Shopping Park", "address2": "Beckton", "county": "London", "country": "United Kingdom", "telephone": "+44 20 74 76 75 71", "slug": "borders"}, {"id": 134, "name": "Borders", "url": "http://www.borders.co.uk", "city": "Brighton", "postcode": "BN1 2TB", "address1": "Churchill Square Shopping Centre", "address2": null, "county": "East Sussex", "country": "United Kingdom", "telephone": "+44 12 73 73 11 22", "slug": "borders"}, {"id": 135, "name": "Borders", "url": "http://www.borders.co.uk", "city": "Bristol", "postcode": "BS8 1RE", "address1": "Clifton Promenade", "address2": "48-56 Queens Road", "county": "Bristol", "country": "Afghanistan", "telephone": "+44 11 79 22 69 59", "slug": "borders"}, {"id": 136, "name": "Borders", "url": "http://www.borders.co.uk", "city": "Cambridge", "postcode": "CB2 3PA", "address1": "12-13 Market Street", "address2": null, "county": "Cambridgeshire", "country": "United Kingdom", "telephone": "+44 12 23 30 61 88", "slug": "borders"}, {"id": 137, "name": "Borders", "url": "http://www.borders.co.uk", "city": "Ellesmere Port", "postcode": "CH65 9HD", "address1": "34 Coliseum Way", "address2": null, "county": "Cheshire", "country": "United Kingdom", "telephone": "+44 15 13 56 77 16", "slug": "borders"}, {"id": 138, "name": "Borders", "url": "http://www.borders.co.uk", "city": "Edinburgh", "postcode": "EH15 3RD", "address1": "Fort Kinnaird Retail Park", "address2": null, "county": "Midlothian", "country": "United Kingdom", "telephone": "+44 13 16 57 40 41", "slug": "borders"}, {"id": 139, "name": "Borders", "url": "http://www.borders.co.uk", "city": "Glasgow", "postcode": "G1 3BA", "address1": "98 Buchanan Street", "address2": null, "county": "Lanarkshire", "country": "United Kingdom", "telephone": "+44 14 12 22 77 00", "slug": "borders"}, {"id": 140, "name": "Borders", "url": "http://www.borders.co.uk", "city": "Inverness", "postcode": "IV2 7GD", "address1": "Inverness Retail Park", "address2": "Eastfield Way", "county": "Inverness-shire", "country": "United Kingdom", "telephone": "+44 14 63 24 32 78", "slug": "borders"}, {"id": 141, "name": "Borders", "url": "http://www.borders.co.uk", "city": "Kingston Upon Thames", "postcode": "KT1 1JT", "address1": "6-9 Market Place", "address2": "Charter Quay", "county": "Surrey", "country": "United Kingdom", "telephone": "+44 20 89 74 94 44", "slug": "borders"}, {"id": 142, "name": "Borders", "url": "http://www.borders.co.uk", "city": "West Thurrock", "postcode": "RM20 3WP", "address1": "Lakeside Retail Park", "address2": null, "county": "Aberdeenshire", "country": "United Kingdom", "telephone": "+44 17 08 86 59 64", "slug": "borders"}, {"id": 143, "name": "Borders", "url": "http://www.borders.co.uk", "city": "Leeds", "postcode": "LS1 6NP", "address1": "94-96 Briggate", "address2": null, "county": "West Yorkshire", "country": "United Kingdom", "telephone": "+44 11 32 42 44 00", "slug": "borders"}, {"id": 144, "name": "Borders", "url": "http://www.borders.co.uk", "city": "Leicester", "postcode": "LE19 1WT", "address1": "Grove Farm Triangle", "address2": "Fosse Park", "county": "Leicestershire", "country": "United Kingdom", "telephone": "+44 11 62 89 47 29", "slug": "borders"}, {"id": 145, "name": "Borders", "url": "http://www.borders.co.uk", "city": "London", "postcode": "W1D 2LE", "address1": "203 Oxford Street", "address2": null, "county": "London", "country": "United Kingdom", "telephone": "+44 20 72 92 16 00", "slug": "borders"}, {"id": 146, "name": "Borders", "url": "http://www.borders.co.uk", "city": "London", "postcode": "N1 0PS", "address1": "N1 Centre", "address2": "Islington", "county": "London", "country": "United Kingdom", "telephone": "+44 20 72 26 36 02", "slug": "borders"}, {"id": 147, "name": "Borders", "url": "http://www.borders.co.uk", "city": "Manchester", "postcode": "M17 8AR", "address1": "Trafford Centre", "address2": "Barton Dock Road", "county": "Greater Manchester", "country": "United Kingdom", "telephone": "+44 16 12 02 99 08", "slug": "borders"}, {"id": 148, "name": "Borders", "url": "http://www.borders.co.uk", "city": "Oxford", "postcode": "OX1 3AD", "address1": "9 Magdelen Street", "address2": null, "county": "Oxfordshire", "country": "United Kingdom", "telephone": "+44 18 65 20 39 01", "slug": "borders"}, {"id": 149, "name": "Borders", "url": "http://www.borders.co.uk", "city": "Speke", "postcode": "L24 8QB", "address1": "New Mersey Retail Park", "address2": "Speke Road", "county": "Aberdeenshire", "country": "United Kingdom", "telephone": "+44 15 14 94 91 44", "slug": "borders"}, {"id": 150, "name": "Borders", "url": "http://www.borders.co.uk", "city": "Stockport", "postcode": "SK1 2HH", "address1": "Peel Retail Park", "address2": "Great Portwood Street", "county": "Aberdeenshire", "country": "United Kingdom", "telephone": "+44 16 14 76 33 92", "slug": "borders"}, {"id": 151, "name": "Borders", "url": "http://www.borders.co.uk", "city": "Swansea", "postcode": "SA5 4BA", "address1": "Parc Fforestfach", "address2": "Pontardulais Road", "county": "Glamorgan", "country": "United Kingdom", "telephone": "+44 17 92 57 95 78", "slug": "borders"}, {"id": 152, "name": "Borders", "url": "http://www.borders.co.uk", "city": "Swindon", "postcode": "SN25 4BG", "address1": "Orbital Shapping Park", "address2": "Thamesdown Drive", "county": "Gloucestershire", "country": "United Kingdom", "telephone": "+44 17 93 70 22 00", "slug": "borders"}, {"id": 153, "name": "Borders", "url": "http://www.borders.co.uk", "city": "Watford", "postcode": "WD17 2EU", "address1": "Waterfields Retail Park", "address2": "New Road", "county": "Hertfordshire", "country": "United Kingdom", "telephone": "+44  19 23 25 69 02", "slug": "borders"}, {"id": 154, "name": "Borders", "url": "http://www.borders.co.uk", "city": "York", "postcode": "YO1 8QR", "address1": "1-5 Davygate", "address2": null, "county": "North Yorkshire", "country": "United Kingdom", "telephone": "+44 19 04 65 33 00", "slug": "borders"}, {"id": 168, "name": "Borders", "url": "http://www.borders.co.uk", "city": "London", "postcode": "W1D 2LE", "address1": "203 Oxford Street", "address2": null, "county": "London", "country": "United Kingdom", "telephone": "+44 20 72 92 16 00", "slug": "borders"}, {"id": 823, "name": "Borders", "url": "http://www.philosophy-forum.org", "city": "London", "postcode": "WC2H OJR", "address1": "120 Charing Cross Rd", "address2": null, "county": "London", "country": "United Kingdom", "telephone": "0207 955 7539", "slug": "borders"}, {"id": 2935, "name": "Brent Council ", "url": "http://www.brent.gov.uk/your-council/brent-civic-centre/", "city": "LONDON", "postcode": "HA9 0FJ", "address1": "Brent Civic Centre", "address2": "Wembley ", "county": "London", "country": "United Kingdom", "telephone": "020 8937 3420", "slug": "brent-council"}, {"id": 2735, "name": "Brent Town Hall", "url": "", "city": "London", "postcode": "HA9 9HD", "address1": "Forty Lane", "address2": "Wembley", "county": "Middlesex", "country": "United Kingdom", "telephone": null, "slug": "brent-town-hall"}, {"id": 533, "name": "Bridge Park Complex", "url": "http://www.bbm-on.net", "city": "London", "postcode": "N W10", "address1": "Brentfield", "address2": "Harrow Road", "county": "London", "country": "United Kingdom", "telephone": null, "slug": "bridge-park-complex"}, {"id": 34, "name": "British Academy", "url": "http://www.britac.ac.uk", "city": "London", "postcode": "SW1Y 5AH", "address1": "10 Carlton Terrace House", "address2": "", "county": "London", "country": "United Kingdom", "telephone": "+44 20 79 69 52 63", "slug": "british-academy"}, {"id": 3154, "name": "British Academy", "url": "", "city": "London", "postcode": "SW1Y 5AH", "address1": "10-11", "address2": "Carlton House Terrace", "county": "London", "country": "United Kingdom", "telephone": "", "slug": "british-academy"}, {"id": 2314, "name": "Broadway, Nottingham Media Centre", "url": "http://www.broadway.org.uk", "city": "Nottingham", "postcode": "NG1 3AL", "address1": "14-18 Broad Street", "address2": null, "county": "Nottinghamshire", "country": "United Kingdom", "telephone": null, "slug": "broadway-nottingham-media-centre"}, {"id": 2621, "name": "By the steps of St Michael's Church, Cornhill", "url": "http://www.unrealcityaudio.co.uk", "city": "London", "postcode": "EC3V 9DS", "address1": "St Michael's Alley", "address2": "Cornhill", "county": "London", "country": "United Kingdom", "telephone": null, "slug": "by-the-steps-of-st-michaels-church-cornhill"}, {"id": 2948, "name": "Chelsea College of Art & Design, University of the Arts London", "url": "http://www.arts.ac.uk/chelsea/", "city": "London", "postcode": "SW1P 4JU", "address1": "16 John Islip Street", "address2": null, "county": "London", "country": "United Kingdom", "telephone": "07875268641", "slug": "chelsea-college-of-art-design-university-of-the-arts-london"}, {"id": 1153, "name": "christ junior college", "url": "", "city": "banglore", "postcode": "560 076", "address1": "diary circle", "address2": null, "county": "Durham", "country": "India", "telephone": null, "slug": "christ-junior-college"}, {"id": 1044, "name": "Cockpit Arts", "url": "http://www.own-it.org/events/details/?eventId=159", "city": "London", "postcode": "WC1N 2NP", "address1": "Northington Street", "address2": null, "county": "London", "country": "United Kingdom", "telephone": null, "slug": "cockpit-arts"}, {"id": 423, "name": "Cockpit Arts", "url": "", "city": "London", "postcode": "", "address1": "Northington St", "address2": null, "county": "London", "country": "United Kingdom", "telephone": null, "slug": "cockpit-arts"}, {"id": 630, "name": "Cockpit Arts", "url": "", "city": "London", "postcode": "", "address1": "Northington Street", "address2": null, "county": "London", "country": "United Kingdom", "telephone": null, "slug": "cockpit-arts"}, {"id": 2928, "name": "Covert Messiah", "url": "http://covertmessiah.com", "city": "London", "postcode": "NW10 4ED", "address1": "23 St Johns Ave", "address2": null, "county": "London", "country": "United Kingdom", "telephone": null, "slug": "covert-messiah"}, {"id": 521, "name": "Curiosity & Imagination", "url": "http://www.curiosityandimagination.org.uk/", "city": "London", "postcode": "E14 9NN", "address1": "4Children, City Reach", "address2": "5 Greenwich View Place", "county": "London", "country": "United Kingdom", "telephone": "+44 20 75 22 69 19", "slug": "curiosity-imagination"}, {"id": 63, "name": "Documentary Filmmakers  Group", "url": "http://www.dfglondon.com", "city": "London", "postcode": "N19 5AA", "address1": "225a Brecknock Road", "address2": null, "county": "London", "country": "United Kingdom", "telephone": "+44 20 74 28 08 82", "slug": "documentary-filmmakers-group"}, {"id": 1184, "name": "Dr Johnson's House", "url": "", "city": "London", "postcode": "EC4A 3DE", "address1": "17 Gough Square", "address2": null, "county": "London", "country": "United Kingdom", "telephone": "0207 353 3745", "slug": "dr-johnsons-house"}, {"id": 2505, "name": "Exploring the Extraordinary", "url": "http://etenetwork.weebly.com", "city": "York", "postcode": " ", "address1": "4 The Crescent", "address2": null, "county": "North Yorkshire", "country": "United Kingdom", "telephone": null, "slug": "exploring-the-extraordinary"}, {"id": 2052, "name": "Foyles Bookstore", "url": "", "city": "London", "postcode": "WC2 0EB", "address1": "113-119 Charing Cross Road", "address2": null, "county": "London", "country": "United Kingdom", "telephone": null, "slug": "foyles-bookstore"}, {"id": 3092, "name": "Friars Green Methodist Church", "url": "", "city": "Warrington", "postcode": "WA1 1EE", "address1": "Cairo Street", "address2": null, "county": "Cheshire", "country": "United Kingdom", "telephone": null, "slug": "friars-green-methodist-church"}, {"id": 3093, "name": "Friars Green Methodist Church", "url": "", "city": "Warringon", "postcode": "WA1 1EE", "address1": "Cairo Street", "address2": null, "county": "Cheshire", "country": "United Kingdom", "telephone": null, "slug": "friars-green-methodist-church"}, {"id": 480, "name": "Friedrich Miescher Institute", "url": "http://www.fmi.ch/student/colloquim.htm", "city": "Basel", "postcode": "4 058", "address1": "Maulbeerstrase 66", "address2": null, "county": "Other county, or outside UK/Eire", "country": "Switzerland", "telephone": "+41616977895", "slug": "friedrich-miescher-institute"}, {"id": 2832, "name": "Glastonbury Town Hall", "url": "http://www.glastonburyabbey.com/news_item.php?&dx=1&ob=3&rpn=news&id=4913&sid=dd4eed76fa13eba9095cbd", "city": "Glastonbury", "postcode": "BA6 9EL", "address1": "Magdalene Street", "address2": null, "county": "Somerset", "country": "United Kingdom", "telephone": "01458 832267", "slug": "glastonbury-town-hall"}, {"id": 1462, "name": "Greater London Enterprise", "url": "http://www.gle.co.uk", "city": "London", "postcode": "SE1 9RS", "address1": "New City Court", "address2": "20 St Thomas Street", "county": "London", "country": "United Kingdom", "telephone": "0207 403 0300", "slug": "greater-london-enterprise"}, {"id": 2779, "name": "Hackney Bicycle Film Society", "url": "", "city": "London", "postcode": "N16 8SL", "address1": "31 Nevill Road", "address2": null, "county": "London", "country": "United Kingdom", "telephone": "07940121513", "slug": "hackney-bicycle-film-society"}, {"id": 41, "name": "Hayward Gallery", "url": "http://www.hayward.org.uk", "city": "London", "postcode": "SE1 8XX", "address1": "South Bank Centre", "address2": "Belvedere Road", "county": "London", "country": "United Kingdom", "telephone": "+44 20 79 60 42 42", "slug": "hayward-gallery"}, {"id": 2856, "name": "House of William Blake", "url": "http://blakesociety.org", "city": "London", "postcode": "W1K 5QT", "address1": "17 South Molton Street", "address2": null, "county": "London", "country": "United Kingdom", "telephone": null, "slug": "house-of-william-blake"}, {"id": 2533, "name": "Imperial College Union", "url": "", "city": "London", "postcode": "SW7 2BB", "address1": "Prince Consort Road", "address2": " Beit Quad", "county": "London", "country": "United Kingdom", "telephone": null, "slug": "imperial-college-union"}, {"id": 1210, "name": "Institute of Development Studies", "url": "http://www.ids.ac.uk", "city": "Brighton", "postcode": "BN1 3XB", "address1": "at the University of Sussex", "address2": null, "county": "East Sussex", "country": "United Kingdom", "telephone": "01273 873616", "slug": "institute-of-development-studies"}, {"id": 404, "name": "Institute of Electrical and Electronics Engineers, Inc.", "url": "http://www.ieee.org.uk", "city": "New York City", "postcode": "NY10 016", "address1": "Three Park Avenue", "address2": "17th Floor", "county": "Other county, or outside UK/Eire", "country": "United States", "telephone": "+442073735498", "slug": "institute-of-electrical-and-electronics-engineers-inc"}, {"id": 1023, "name": "Institute of English Studies", "url": "http://www2.sas.ac.uk/ies/events/conferences/2006/rousseau/index.htm", "city": "London", "postcode": "WC1E 7HU", "address1": "Senate House", "address2": "Malet St", "county": "London", "country": "United Kingdom", "telephone": "020-7862-8675", "slug": "institute-of-english-studies"}, {"id": 1168, "name": "Institution deleted", "url": "", "city": "London", "postcode": "", "address1": "incorrect information", "address2": "", "county": "London", "country": "United Kingdom", "telephone": "", "slug": "institution-deleted"}, {"id": 3143, "name": "Irish Literary Society", "url": "http://www.irishlitsoc.org", "city": "London", "postcode": "WC1B 3NN", "address1": "Bloomsbury Hotel", "address2": "16-22 Great Russell Street ", "county": "London", "country": "United Kingdom", "telephone": "07906435121", "slug": "irish-literary-society"}, {"id": 2549, "name": "Irish Literary Society", "url": "", "city": "London", "postcode": " ", "address1": "none", "address2": null, "county": "London", "country": "United Kingdom", "telephone": null, "slug": "irish-literary-society"}, {"id": 2511, "name": "Jesus College", "url": "http://www.jesus.cam.ac.uk/contacts-directions/", "city": "Cambridge", "postcode": "CB5 8BL", "address1": "Jesus Lane", "address2": null, "county": "Cambridgeshire", "country": "United Kingdom", "telephone": null, "slug": "jesus-college"}, {"id": 2054, "name": "Jubilee Library", "url": "", "city": "Brighton and Hove", "postcode": "BN1 1GE", "address1": "Jubilee Street", "address2": null, "county": "East Sussex", "country": "United Kingdom", "telephone": null, "slug": "jubilee-library"}, {"id": 972, "name": "Lady Mitchell Hall", "url": "http://www.cambridgescience.org", "city": "Cambridge", "postcode": "CB3 9DA", "address1": "Sidgwick Site", "address2": "Sidgwick Avenue", "county": "Cambridgeshire", "country": "United Kingdom", "telephone": "", "slug": "lady-mitchell-hall"}, {"id": 2977, "name": "Lady Mitchell Hall", "url": "", "city": "Cambridge", "postcode": "CB3 9DA", "address1": "Sidgwick Avenue", "address2": null, "county": "Cambridgeshire", "country": "United Kingdom", "telephone": null, "slug": "lady-mitchell-hall"}, {"id": 2726, "name": "Latymer Upper School", "url": "", "city": "London", "postcode": "W6 9LR", "address1": "237 King Street", "address2": "Hammersmith", "county": "London", "country": "United Kingdom", "telephone": "0845 638 5800", "slug": "latymer-upper-school"}, {"id": 3230, "name": "Leeds Minster", "url": "http://www.leedsminster.org/", "city": "Leeds", "postcode": "LS2 7DJ", "address1": "Kirkgate", "address2": null, "county": "West Yorkshire", "country": "United Kingdom", "telephone": "0113 245 2036", "slug": "leeds-minster"}, {"id": 2761, "name": "London Slavery Tour", "url": "http://www.antislavery.org/slaverywalk", "city": "London", "postcode": "NW1 9XP", "address1": "20 C", "address2": "Cantelowes Road", "county": "London", "country": "United Kingdom", "telephone": "07970248128", "slug": "london-slavery-tour"}, {"id": 214, "name": "Middlesex University Archway campus", "url": "http://www.mdx.ac.uk/campus/aw.htm", "city": "London", "postcode": "N19 5LW", "address1": "Furnival Building, Archway campus", "address2": "2-10 Highgate Hill", "county": "London", "country": "United Kingdom", "telephone": "+44 20 84 78 61 90", "slug": "middlesex-university-archway-campus"}, {"id": 3263, "name": "Milton Court", "url": "http://www.gsmd.ac.uk/about_the_school/milton_court/", "city": "London", "postcode": "EC2Y 9BH", "address1": "Silk St", "address2": null, "county": "London", "country": "United Kingdom", "telephone": null, "slug": "milton-court"}, {"id": 2805, "name": "myra sampson", "url": "", "city": "london", "postcode": "N21 1EN", "address1": "155 green dragon lane ", "address2": null, "county": "London", "country": "United Kingdom", "telephone": "07956511683", "slug": "myra-sampson"}, {"id": 2855, "name": "Nelson Mandela Lecture Theatre", "url": "", "city": "Oxford ", "postcode": "OX1 1HP", "address1": "Saïd Business School", "address2": "Park End St", "county": "Oxfordshire", "country": "United Kingdom", "telephone": null, "slug": "nelson-mandela-lecture-theatre"}, {"id": 991, "name": "New Art Gallery Walsall", "url": "", "city": "Walsall", "postcode": "WS2 8LG", "address1": "Gallery Square", "address2": null, "county": "West Midlands", "country": "United Kingdom", "telephone": null, "slug": "new-art-gallery-walsall"}, {"id": 2525, "name": "Northeast Humanists", "url": "", "city": "darlington", "postcode": " ", "address1": "12 fife road ", "address2": null, "county": "Durham", "country": "United Kingdom", "telephone": "01325 356029", "slug": "northeast-humanists"}, {"id": 3025, "name": "NYU London", "url": "http://www.nyu.edu/global/global-academic-centers/london.html", "city": "London", "postcode": "WC1B 3RA", "address1": "6 Bedford Square", "address2": null, "county": "London", "country": "United Kingdom", "telephone": "02079073304", "slug": "nyu-london"}, {"id": 1227, "name": "Oundle School", "url": "", "city": "Peterborough", "postcode": "PE8 4BS", "address1": "Oundle School", "address2": "Oundle", "county": "Cambridgeshire", "country": "United Kingdom", "telephone": "01832 273648", "slug": "oundle-school"}, {"id": 2669, "name": "Peacock Theatre", "url": "", "city": "London", "postcode": "WC2A 2AE", "address1": "London School of Economics and Political Science", "address2": "Houghton Street", "county": "London", "country": "United Kingdom", "telephone": null, "slug": "peacock-theatre"}, {"id": 1098, "name": "Peacock Theatre", "url": "", "city": "London", "postcode": "WC2A 2HT", "address1": "Portugal Street", "address2": null, "county": "London", "country": "United Kingdom", "telephone": null, "slug": "peacock-theatre"}, {"id": 2126, "name": "Philosophy Cafe", "url": "http://www.philosophycafe.org.uk", "city": "Cardiff", "postcode": " ", "address1": "Cardiff University", "address2": null, "county": "Glamorgan", "country": "United Kingdom", "telephone": null, "slug": "philosophy-cafe"}, {"id": 786, "name": "Playfair Library Hall", "url": "", "city": "Edinburgh", "postcode": "EH8 9YL", "address1": "Old College, The University of Edinburgh", "address2": "South Bridge", "county": "Other county, or outside UK/Eire", "country": "United Kingdom", "telephone": null, "slug": "playfair-library-hall"}, {"id": 1734, "name": "Podium Lecture Theatre", "url": "http://www.lcc.arts.ac.uk", "city": "London", "postcode": "SE1 6SB", "address1": "London COllege of Communication", "address2": "Elephant & Castle", "county": "London", "country": "United Kingdom", "telephone": "020 75146569", "slug": "podium-lecture-theatre"}, {"id": 1817, "name": "Purcell Room", "url": "", "city": "London", "postcode": "SE1 8XX", "address1": "Southbank Centre", "address2": "Belvedere Road", "county": "London", "country": "United Kingdom", "telephone": null, "slug": "purcell-room"}, {"id": 2581, "name": "Quintessential Consulting", "url": "http://couponguru.info", "city": "London", "postcode": "E9 6QH", "address1": "70a Darnley Road", "address2": "E9 6QH", "county": "London", "country": "United Kingdom", "telephone": "447796936661", "slug": "quintessential-consulting"}, {"id": 3048, "name": "Quintessential Consulting", "url": "http://quintessentialconsulting.co.uk/how-to-make-better-decisions/", "city": "London", "postcode": "E14 4EF", "address1": "1301", "address2": "26 Hertsmere Road", "county": "London", "country": "United Kingdom", "telephone": "0203 289 6661", "slug": "quintessential-consulting"}, {"id": 3296, "name": "RoomG27", "url": "", "city": "London", "postcode": "E1 4NS", "address1": "School of Engineering and Materials Science", "address2": "Queen Mary University of London, Bancroft Road", "county": "London", "country": "United Kingdom", "telephone": null, "slug": "roomg27"}, {"id": 232, "name": "Royal Brompton & Harefield NHS Trust", "url": "", "city": "London", "postcode": "SW3 6NP", "address1": "Britten Wing", "address2": "Sydney Street", "county": "London", "country": "United Kingdom", "telephone": "02073518208", "slug": "royal-brompton-harefield-nhs-trust"}, {"id": 3015, "name": "Royal College of Nursing", "url": "https://www.rcn.org.uk/library/exhibitions-and-events/library-events", "city": "London", "postcode": "W1G 0RN", "address1": "20 Cavendish Square", "address2": "", "county": "London", "country": "United Kingdom", "telephone": "029 2054 6460", "slug": "royal-college-of-nursing"}, {"id": 231, "name": "Royal College of Nursing London Regional Research Society", "url": "", "city": "London", "postcode": "W1M 0AB", "address1": "RCN", "address2": "20 Cavendish Sqaure", "county": "London", "country": "United Kingdom", "telephone": null, "slug": "royal-college-of-nursing-london-regional-research-society"}, {"id": 1077, "name": "Rudolf Steiner House", "url": "http://www.siaacademy.com", "city": "London", "postcode": "NW1 6XT", "address1": "35 Park Road", "address2": null, "county": "London", "country": "United Kingdom", "telephone": "020 7737 2260", "slug": "rudolf-steiner-house"}, {"id": 1704, "name": "Rudolf Steiner House", "url": "http://www.siaacademy.com", "city": "London", "postcode": "NW1 6XT", "address1": "35 Park Road", "address2": null, "county": "London", "country": "United Kingdom", "telephone": "02077372260", "slug": "rudolf-steiner-house"}, {"id": 1103, "name": "School of Advanced Study, University of London", "url": "http://www.sas.ac.uk", "city": "London", "postcode": "WC1E 7HU", "address1": "Senate House", "address2": "Malet Street", "county": "London", "country": "United Kingdom", "telephone": "020 7862 8653", "slug": "school-of-advanced-study-university-of-london"}, {"id": 188, "name": "Shetland Museum", "url": "http://www.shetland-museum.org.uk/", "city": "Lerwick", "postcode": "ZE1 0EL", "address1": "Lower Hillhead", "address2": null, "county": "Shetland Islands", "country": "United Kingdom", "telephone": "+44 15 95 69 50 57", "slug": "shetland-museum"}, {"id": 1435, "name": "St Augustine's Church", "url": "http://st-augustine-london.com", "city": "London", "postcode": "SW7 5LP", "address1": "117 Queen's Gate", "address2": null, "county": "London", "country": "United Kingdom", "telephone": "020 7581 1877", "slug": "st-augustines-church"}, {"id": 2691, "name": "St Michael's Church Cornhill", "url": "http://www.unrealcityaudio.co.uk", "city": "London", "postcode": "EC3V 9DS", "address1": "St Michael's Church, Cornhill", "address2": null, "county": "London", "country": "United Kingdom", "telephone": "07796835429", "slug": "st-michaels-church-cornhill"}, {"id": 2943, "name": "St Sepulchre-Without-Newgate", "url": "", "city": "London", "postcode": "EC1A 2DQ", "address1": "Holborn Viaduct", "address2": null, "county": "London", "country": "United Kingdom", "telephone": null, "slug": "st-sepulchre-without-newgate"}, {"id": 564, "name": "Telford Theatre", "url": "http://www.onegreatgeorgestreet.com/conference_roomsandrates_room.asp?roomID=6", "city": "London", "postcode": "SW1P 3AA", "address1": "One Great George Street", "address2": "", "county": "London", "country": "United Kingdom", "telephone": "+44 20 7665 2323", "slug": "telford-theatre"}, {"id": 2705, "name": "Temple Tube Station", "url": "http://www.odh.org.uk", "city": "London", "postcode": "WC2R 2PH", "address1": "Temple Pl", "address2": null, "county": "London", "country": "United Kingdom", "telephone": "07544754160", "slug": "temple-tube-station"}, {"id": 2600, "name": "Tent City University", "url": "http://tentcityuniversity.occupylsx.org", "city": "London", "postcode": " ", "address1": "St. Paul's Yard", "address2": null, "county": "London", "country": "United Kingdom", "telephone": null, "slug": "tent-city-university"}, {"id": 668, "name": "The ARC", "url": "http://www.yorkarchaeology.co.uk", "city": "York", "postcode": "YO1 8NN", "address1": "St. Saviour's Church", "address2": "St. Saviourgate", "county": "Yorkshire", "country": "United Kingdom", "telephone": "01904 543403", "slug": "the-arc"}, {"id": 1742, "name": "The Charles Dickens Show", "url": "", "city": "CARDIFF", "postcode": "CF23 6EJ", "address1": "59 Celyn Avenue", "address2": "Lakeside", "county": "Other county, or outside UK/Eire", "country": "United Kingdom", "telephone": "02920758426", "slug": "the-charles-dickens-show"}, {"id": 2794, "name": "The Day Hotels & Manchester Conference Centre", "url": "", "city": "Manchester", "postcode": "M1 3BB", "address1": "Sackville Street", "address2": null, "county": "Greater Manchester", "country": "United Kingdom", "telephone": null, "slug": "the-day-hotels-manchester-conference-centre"}, {"id": 1927, "name": "The Fashion network", "url": "http://www.manchesterfashion.com", "city": "Manchester", "postcode": "M3 6JG", "address1": "68 Barton Arcade", "address2": "Deansgate", "county": "Greater Manchester", "country": "United Kingdom", "telephone": "0161 819 2145", "slug": "the-fashion-network"}, {"id": 2693, "name": "The George In The Strand", "url": "http://www.charlesdickenslondon.net", "city": "London", "postcode": "WC2R 1AP", "address1": "213 Strand", "address2": null, "county": "London", "country": "United Kingdom", "telephone": "02073539638", "slug": "the-george-in-the-strand"}, {"id": 1853, "name": "The Japan Foundation", "url": "http://www.jpf.org.uk", "city": "London", "postcode": "WC1B 5EH", "address1": "Russell Square House", "address2": "10-12 Russell Square", "county": "London", "country": "United Kingdom", "telephone": "020 7436 6695", "slug": "the-japan-foundation"}, {"id": 3376, "name": "The Library at Willesden Green", "url": "http://https://www.brent.gov.uk/events-and-whats-on-calendar", "city": "London", "postcode": "NW10 2SF", "address1": "95 High Road", "address2": null, "county": "London", "country": "United Kingdom", "telephone": null, "slug": "the-library-at-willesden-green"}, {"id": 3460, "name": "The Miller", "url": "http://https://www.themiller.co.uk/about", "city": "London", "postcode": "SE1 3SS", "address1": "96 Snowsfields", "address2": null, "county": "London", "country": "United Kingdom", "telephone": "02074 072690", "slug": "the-miller"}, {"id": 3197, "name": "The Place", "url": "http://www.theplace.org.uk", "city": "London", "postcode": "WC1H 9PY", "address1": "17 Duke's Road", "address2": null, "county": "London", "country": "United Kingdom", "telephone": "0207 121 1100", "slug": "the-place"}, {"id": 932, "name": "The Royal College of Physicians", "url": "http://www.rcplondon.ac.uk/infocentre", "city": "London", "postcode": "NW1 4LE", "address1": "11 St Andrews Place", "address2": "Regents Park", "county": "London", "country": "United Kingdom", "telephone": "020 7224 1539", "slug": "the-royal-college-of-physicians"}, {"id": 1508, "name": "The Sassoon Gallery", "url": "http://www.barstory.co.uk", "city": "London", "postcode": "SE15 4QL", "address1": "Behind Bar Story", "address2": "213 Blenheim Grove", "county": "London", "country": "United Kingdom", "telephone": null, "slug": "the-sassoon-gallery"}, {"id": 3125, "name": "Tony Kearney", "url": "http://www.tonykearney.com", "city": "Donegal", "postcode": " ", "address1": "Drumcarbit", "address2": "Malin", "county": "Donegal", "country": "Ireland", "telephone": "+353749370692", "slug": "tony-kearney"}, {"id": 3287, "name": "Torfaen U3A", "url": "", "city": "Cwmbran, Gwent ", "postcode": "NP44 2DZ", "address1": "Woodland Road Sports Centre", "address2": "Croesyceilog, ", "county": "Gwent", "country": "United Kingdom", "telephone": null, "slug": "torfaen-u3a"}, {"id": 105, "name": "Transport for London", "url": "http://www.transportforlondon.gov.uk/", "city": "London", "postcode": "SW1H 0TL", "address1": "Windsor House", "address2": "42-50 Victoria Street", "county": "London", "country": "United Kingdom", "telephone": "+44 20 79 41 45 00", "slug": "transport-for-london"}, {"id": 1690, "name": "Union Chapel", "url": "http://www.unionchapel.org.uk", "city": "London", "postcode": "N1 2XD", "address1": "Compton Av,", "address2": "ISLINGTON", "county": "London", "country": "United Kingdom", "telephone": null, "slug": "union-chapel"}, {"id": 2336, "name": "Unity Church", "url": "http://www.new-unity.org", "city": "London", "postcode": "N1 2TZ", "address1": "277A Upper Street", "address2": "Islington", "county": "London", "country": "United Kingdom", "telephone": "07809 144 879", "slug": "unity-church"}, {"id": 3256, "name": "University of West London", "url": "http://www.uwl.ac.uk/lecture-series/democracy-unplugged-2016-road-white-house", "city": "Ealing", "postcode": "W5 5RF", "address1": "Saint Mary's Road", "address2": null, "county": "London", "country": "United Kingdom", "telephone": "020 8231 2199", "slug": "university-of-west-london"}, {"id": 3371, "name": "Valarie Evans Group", "url": "http://www.better.org.uk/leisure-centre/cardiff/fairwater", "city": "Cardiff", "postcode": "CF5 3LL", "address1": "Fairwater Leisure Centre", "address2": " Waterhall Rd, Fairwater", "county": "Glamorgan", "country": "United Kingdom", "telephone": null, "slug": "valarie-evans-group"}, {"id": 1060, "name": "Visual Cultures, Goldsmiths College", "url": "http://www.goldsmiths.ac.uk/", "city": "London", "postcode": "SE14 6NW", "address1": "New Cross", "address2": "", "county": "London", "country": "United Kingdom", "telephone": "+44 20 79 19 71 71", "slug": "visual-cultures-goldsmiths-college"}, {"id": 2094, "name": "Waterside Arts Centre", "url": "", "city": "Manchester", "postcode": "M33 7ZF", "address1": " Waterside Plaza", "address2": "Sale", "county": "Lancashire", "country": "United Kingdom", "telephone": null, "slug": "waterside-arts-centre"}, {"id": 1536, "name": "Whitworth Art Gallery", "url": "", "city": "Manchester", "postcode": "M15 6ER", "address1": "Oxford Road", "address2": null, "county": "Greater Manchester", "country": "United Kingdom", "telephone": null, "slug": "whitworth-art-gallery"}, {"id": 2288, "name": "Wrexham Science Festival", "url": "http://www.wrexhamsf.com", "city": "Wrexham", "postcode": "LL11 1AW", "address1": "Glyndwr University", "address2": "Mold Road", "county": "Other county, or outside UK/Eire", "country": "United Kingdom", "telephone": "01978 293466", "slug": "wrexham-science-festival"}]