[{"id": 2326, "name": " Royal College of Music", "url": "", "city": "London", "postcode": "SW7 2BS", "address1": "Prince Consort Road", "address2": " South Kensington", "county": "London", "country": "United Kingdom", "telephone": null, "slug": "royal-college-of-music"}, {"id": 1066, "name": "ACAVA", "url": "", "city": "London", "postcode": "W10 6RJ", "address1": "54 Bleckynden Street", "address2": null, "county": "London", "country": "United Kingdom", "telephone": null, "slug": "acava"}, {"id": 3386, "name": "Advisory Matters", "url": "", "city": "Lowestoft", "postcode": "NR32 3BB", "address1": "38 Oulton Street", "address2": "Oulton", "county": "Suffolk", "country": "United Kingdom", "telephone": "07545922515", "slug": "advisory-matters"}, {"id": 2272, "name": "Alan Baxter Gallery", "url": "http://www.lfa2010.org/event.php?id=179&name=lunch_box_talks_food_and_architecture", "city": "London", "postcode": "EC1M 6EL", "address1": "70 Cowcross Street", "address2": null, "county": "Aberdeenshire", "country": "United Kingdom", "telephone": null, "slug": "alan-baxter-gallery"}, {"id": 3306, "name": "Alister Hardy Trust", "url": "http://www.studyspiritualexperiences.org", "city": "London", "postcode": "SE10 9LZ", "address1": "21 Park Vista", "address2": "Greenwich", "county": "London", "country": "United Kingdom", "telephone": "0208 858 4750", "slug": "alister-hardy-trust"}, {"id": 3472, "name": "ART&CRITIQUE", "url": "http://https://artandcritique.uk/", "city": "London", "postcode": "SE8 3NT", "address1": "62 Fieldgate Street", "address2": null, "county": "London", "country": "United Kingdom", "telephone": null, "slug": "artcritique"}, {"id": 2047, "name": "Arup", "url": "", "city": "London", "postcode": "W1T 4BQ", "address1": "8 Fitzroy Street", "address2": null, "county": "London", "country": "United Kingdom", "telephone": null, "slug": "arup"}, {"id": 2053, "name": "BDP", "url": "", "city": "London", "postcode": "EC1V 4LJ", "address1": "Brewhouse Yard", "address2": null, "county": "London", "country": "United Kingdom", "telephone": null, "slug": "bdp"}, {"id": 427, "name": "Bear associates", "url": "", "city": "London", "postcode": "", "address1": "22c Grosvenor Road", "address2": null, "county": "London", "country": "United Kingdom", "telephone": "020 89952530", "slug": "bear-associates"}, {"id": 475, "name": "Bedson Teaching Centre", "url": "http://thegreatdebate.org.uk/BeingHuman1.html", "city": "Newcastle upon Tyne", "postcode": "NE1 7RU", "address1": "Queen Victoria Road", "address2": "University of Newcastle", "county": "Tyne and Wear", "country": "United Kingdom", "telephone": "01912227113", "slug": "bedson-teaching-centre"}, {"id": 3355, "name": "Blackwood U3A", "url": "", "city": "Blackwood", "postcode": "NP12 0NH", "address1": "Oakdale Community Centre ", "address2": "Penrhiw Avenue Oakdale ", "county": "Gwent", "country": "United Kingdom", "telephone": null, "slug": "blackwood-u3a"}, {"id": 2561, "name": "BTWSC", "url": "http://www.btwsc.com", "city": "London", "postcode": "NW10 1WL", "address1": "P O Box 1492", "address2": null, "county": "London", "country": "United Kingdom", "telephone": "020 8450 5987", "slug": "btwsc"}, {"id": 351, "name": "C Central", "url": "", "city": "Edinburgh", "postcode": "", "address1": "Carlton Hotel", "address2": "North Bridge", "county": "Midlothian", "country": "United Kingdom", "telephone": "44 (0)20 7269 9220", "slug": "c-central"}, {"id": 2544, "name": "Cambridge Union", "url": "", "city": "Cambridge", "postcode": "CB2 1UB", "address1": "9a Bridge Street", "address2": null, "county": "Cambridgeshire", "country": "United Kingdom", "telephone": null, "slug": "cambridge-union"}, {"id": 313, "name": "Cheltenham Festival of Science", "url": "http://www.cheltenhamfestivals.co.uk", "city": "Cheltenham", "postcode": "GL50 1QA", "address1": "Town Hall", "address2": "Imperial Square", "county": "Gloucestershire", "country": "United Kingdom", "telephone": "+44 12 42 77 58 24", "slug": "cheltenham-festival-of-science"}, {"id": 368, "name": "Chemistry Lecture Theatre", "url": "", "city": "London", "postcode": "", "address1": "Christopher Ingold Building", "address2": "Gordon Street", "county": "London", "country": "United Kingdom", "telephone": null, "slug": "chemistry-lecture-theatre"}, {"id": 1275, "name": "Communications and Development, Imperial College London", "url": "http://www.imperial.ac.uk", "city": "London", "postcode": "SW7 2AZ", "address1": "Faculty Building", "address2": "Exhibition Road", "county": "London", "country": "United Kingdom", "telephone": "", "slug": "communications-and-development-imperial-college-london"}, {"id": 2929, "name": "Conde Nast Fashion College", "url": "http://www.howtoacademy.com/art/understand-the-online-art-market-1554", "city": "Soho", "postcode": "W1D 4DR", "address1": "16-17 Greek Street", "address2": null, "county": "London", "country": "United Kingdom", "telephone": "020 7152 3435", "slug": "conde-nast-fashion-college"}, {"id": 1123, "name": "Corporate Communications, UCL", "url": "http://www.ucl.ac.uk", "city": "London", "postcode": "WC1E 6BT", "address1": "UCL", "address2": "Gower Street", "county": "London", "country": "United Kingdom", "telephone": "", "slug": "corporate-communications-ucl"}, {"id": 2097, "name": "Curzon Soho", "url": "http://www.curzoncinemas.com/#/events/qanda/the_way_out_qanda_maxa_zoller_aaron_williamson_justin_ed", "city": "London", "postcode": "W1D 5AY", "address1": "99 Shaftesbury Avenue", "address2": null, "county": "London", "country": "United Kingdom", "telephone": "0871 7033 988", "slug": "curzon-soho"}, {"id": 2876, "name": "Daniel Blau gallery", "url": "http://www.danielblau.com/", "city": "London", "postcode": "N1 6PB", "address1": "51 Hoxton square", "address2": null, "county": "London", "country": "United Kingdom", "telephone": "0207 831 7998", "slug": "daniel-blau-gallery"}, {"id": 889, "name": "Darwin Centre Live", "url": "http://www.nhm.ac.uk/darwin-centre-live", "city": "London", "postcode": "SW7 7DP", "address1": "Darwin Centre", "address2": "The Natural History Museum", "county": "London", "country": "United Kingdom", "telephone": "020 7942 6128", "slug": "darwin-centre-live"}, {"id": 3349, "name": "dZi UK", "url": "http://https://dziuk.org/donate/", "city": "woking ", "postcode": "N6 5AW", "address1": "19 stanhope road ", "address2": null, "county": "London", "country": "United Kingdom", "telephone": "07793458442", "slug": "dzi-uk"}, {"id": 1944, "name": "economy&energy forum", "url": "http://www.wds-uk.org.uk", "city": "London", "postcode": "", "address1": "Panama Embassy", "address2": "mayfair", "county": "London", "country": "United Kingdom", "telephone": "07876266679", "slug": "economyenergy-forum"}, {"id": 2661, "name": "Falkender Room, Commonwealth Hall", "url": "http://www.meetup.com/Central-London-Humanists/events/47864752/", "city": "London", "postcode": "WC1H 9EB", "address1": "1-11 Cartwright Gardens", "address2": "UCL", "county": "London", "country": "United Kingdom", "telephone": null, "slug": "falkender-room-commonwealth-hall"}, {"id": 2392, "name": "Fountains Lecture Theatre", "url": "http://www.jorvik-viking-centre.co.uk/viking-festival/", "city": "York", "postcode": "YO31 7EX", "address1": "York St John University", "address2": "Lord Mayor's Walk", "county": "North Yorkshire", "country": "United Kingdom", "telephone": "01904 615505", "slug": "fountains-lecture-theatre"}, {"id": 1686, "name": "Geeorge Padmore Institute", "url": "http://www.georgepadmoreinstitute.org", "city": "London", "postcode": "N4 3EN", "address1": "76 Stroud Green Road", "address2": "Finsbury Park", "county": "London", "country": "United Kingdom", "telephone": "020 272 4889", "slug": "geeorge-padmore-institute"}, {"id": 942, "name": "Goldsmiths", "url": "http://www.goldsmiths.ac.uk", "city": "London", "postcode": "SE14 6NW", "address1": "New Cross", "address2": null, "county": "London", "country": "United Kingdom", "telephone": "020 7919 7970", "slug": "goldsmiths"}, {"id": 529, "name": "Greenwich University", "url": "http://www.gre.ac.uk", "city": "London", "postcode": "SE10 9LS", "address1": "Old Royal Naval College", "address2": "Park Row, Greenwich", "county": "London", "country": "United Kingdom", "telephone": "+44 (0)20 8331 8937", "slug": "greenwich-university"}, {"id": 2139, "name": "Hallam Training Suite", "url": "http://www.shcl.co.uk", "city": "Nottingham", "postcode": "NG1 2AS", "address1": "2 King Street", "address2": null, "county": "Nottinghamshire", "country": "United Kingdom", "telephone": "0800 622 6100", "slug": "hallam-training-suite"}, {"id": 2862, "name": "Himalayan Trust UK", "url": "", "city": "Chichester", "postcode": "PO18 9BP", "address1": "The Summer House, Woodend, West Stoke", "address2": null, "county": "West Sussex", "country": "United Kingdom", "telephone": "01243572801", "slug": "himalayan-trust-uk"}, {"id": 3038, "name": "Historic Royal Palaces", "url": "http://www.hrp.org.uk", "city": "East Molesey", "postcode": "KT8 9AU", "address1": "Hampton Court Palace", "address2": null, "county": "Surrey", "country": "United Kingdom", "telephone": "020 3166 6626", "slug": "historic-royal-palaces"}, {"id": 3274, "name": "Historic Royal Palaces", "url": "www.hrp.org.uk/kensington-palace/", "city": "London", "postcode": "W8 4PX", "address1": "Apt 3", "address2": "Kensington Palace", "county": "London", "country": "United Kingdom", "telephone": "02031666000", "slug": "historic-royal-palaces"}, {"id": 2804, "name": "HUB Islington", "url": "http://islington.the-hub.net", "city": "London", "postcode": "EC1V 8BR", "address1": "27 Dingley Place", "address2": null, "county": "London", "country": "United Kingdom", "telephone": "020 7841 8900", "slug": "hub-islington"}, {"id": 448, "name": "ICN UCL", "url": "http://www.icn.ucl.ac.uk/dglaser/", "city": "London", "postcode": "WC1N 3AR", "address1": "Alexandra House", "address2": "17 Queen Square", "county": "London", "country": "United Kingdom", "telephone": "", "slug": "icn-ucl"}, {"id": 290, "name": "Independent Art School", "url": "http://www.independent-art-school.org.uk", "city": "Hull", "postcode": "HU1 1PA", "address1": "1 Bishop Lane", "address2": null, "county": "Yorkshire", "country": "United Kingdom", "telephone": "+44 1482 212 478", "slug": "independent-art-school"}, {"id": 1581, "name": "Institute of Fisheries Management - London & South East Branch", "url": "http://www.ifm.org.uk/branches/london/", "city": "Wallingford", "postcode": "FD56 WWJ", "address1": "Red Kite House", "address2": "Howberry Park", "county": "Oxfordshire", "country": "United Kingdom", "telephone": "07810630827", "slug": "institute-of-fisheries-management-london-south-east-branch"}, {"id": 1418, "name": "instituto nacional de oraciones", "url": "http://puerto ordaz", "city": "estado bolivar", "postcode": "8 015", "address1": "puerto ozdaz", "address2": null, "county": "Other county, or outside UK/Eire", "country": "United Kingdom", "telephone": "04166923627", "slug": "instituto-nacional-de-oraciones"}, {"id": 324, "name": "ITRI", "url": "", "city": "Brighton", "postcode": "BN2 4GJ", "address1": "University of Brighton", "address2": "Watts Building, Moulsecoomb", "county": "East Sussex", "country": "United Kingdom", "telephone": "01273 64 29 16", "slug": "itri"}, {"id": 1149, "name": "Jodrell Bank Observatory", "url": "http://www.jb.man.ac.uk", "city": "Macclesfield", "postcode": "SK11 9DL", "address1": "Manchester University", "address2": "", "county": "Cheshire", "country": "United Kingdom", "telephone": "+44 14 77 57 13 21", "slug": "jodrell-bank-observatory"}, {"id": 1696, "name": "John Goff Courses", "url": "http://www.capcog.com", "city": "NA", "postcode": " ", "address1": "No address given for institution", "address2": "", "county": "London", "country": "United Kingdom", "telephone": "05600655277", "slug": "john-goff-courses"}, {"id": 2848, "name": "John Michell Network", "url": "http://www.john-michell-network.org", "city": "London", "postcode": "W11 1RH", "address1": "29 Saint Andrew's Square", "address2": null, "county": "London", "country": "United Kingdom", "telephone": "0207920243", "slug": "john-michell-network"}, {"id": 2849, "name": "John Michell Network", "url": "http://www.john-michell-network.org", "city": "London", "postcode": " ", "address1": "29 Saint Andrew's Square", "address2": null, "county": "London", "country": "United Kingdom", "telephone": "0207 792 0243", "slug": "john-michell-network"}, {"id": 860, "name": "Journalist", "url": "", "city": "London", "postcode": "EC1N 8QX", "address1": "42 Theobalds Road", "address2": null, "county": "London", "country": "United Kingdom", "telephone": "00447976747153", "slug": "journalist"}, {"id": 3398, "name": "Kings Cross Station", "url": "", "city": "London", "postcode": "N1 9AL", "address1": "Euston Road", "address2": null, "county": "London", "country": "United Kingdom", "telephone": null, "slug": "kings-cross-station"}, {"id": 3381, "name": "llanishen healthy hearts group", "url": "http://www.better.org.uk/leisure-centre/cardiff/llanishen", "city": "Cardiff", "postcode": "CF14 5EB", "address1": "llanishen leisure centre", "address2": "Ty-Glas Rd, Cardiff", "county": "Glamorgan", "country": "United Kingdom", "telephone": null, "slug": "llanishen-healthy-hearts-group"}, {"id": 2422, "name": "London Tarot Society", "url": "http://www.londontarotsociety.com", "city": "London", "postcode": "E4 9JH", "address1": "10 Newbury Road", "address2": null, "county": "London", "country": "United Kingdom", "telephone": "0845 224 5472", "slug": "london-tarot-society"}, {"id": 1147, "name": "maggie", "url": "", "city": "madrid", "postcode": "28 006", "address1": "maldonado 55 - 410", "address2": null, "county": "Aberdeenshire", "country": "United Kingdom", "telephone": "+34645186610", "slug": "maggie"}, {"id": 489, "name": "Manchester Conference Centre", "url": "http://www.conference.manchester.ac.uk", "city": "Manchester", "postcode": "M1 3BB", "address1": "Weston Building", "address2": "Sackville Street", "county": "Cheshire", "country": "United Kingdom", "telephone": "0161 955 8000", "slug": "manchester-conference-centre"}, {"id": 2944, "name": "Mercers' Hall", "url": "", "city": "London", "postcode": "EC2V 8HE", "address1": "Ironmonger Lane", "address2": null, "county": "London", "country": "United Kingdom", "telephone": null, "slug": "mercers-hall"}, {"id": 1145, "name": "Moat Community College", "url": "", "city": "Leicester", "postcode": "LE2 0TU", "address1": "Maidstone Road", "address2": null, "county": "Leicestershire", "country": "United Kingdom", "telephone": "0116 2625705", "slug": "moat-community-college"}, {"id": 120, "name": "Modern Marketing", "url": "", "city": "London", "postcode": "E9 7SG", "address1": "Unit 219 Five King Edwards Road", "address2": null, "county": "London", "country": "United Kingdom", "telephone": null, "slug": "modern-marketing"}, {"id": 992, "name": "Monoux College", "url": "http://www.george-monoux.ac.uk", "city": "London", "postcode": "E17 5AA", "address1": "Chingford Road", "address2": null, "county": "London", "country": "United Kingdom", "telephone": "07940956855", "slug": "monoux-college"}, {"id": 2230, "name": "Motivation", "url": "http://www.motivation.org.uk", "city": "Bristol", "postcode": "BS48 4AQ", "address1": "Brockley Academy", "address2": "Brockley Lane", "county": "Somerset", "country": "United Kingdom", "telephone": "01275 464012", "slug": "motivation"}, {"id": 190, "name": "muf architecture/art", "url": "http://www.muf.co.uk", "city": "London", "postcode": "EC1V 8AB", "address1": "49-51 Central Street", "address2": null, "county": "London", "country": "United Kingdom", "telephone": "+44 20 72 51 40 04", "slug": "muf-architectureart"}, {"id": 1569, "name": "Museum of Domestic Design & Architecture", "url": "http://www.moda.mdx.ac.uk", "city": "Barnet", "postcode": "EN4 8HT", "address1": "Middlesex University", "address2": "Cat Hill", "county": "London", "country": "United Kingdom", "telephone": "020 8411 5445", "slug": "museum-of-domestic-design-architecture"}, {"id": 690, "name": "Museum of Science and Industry", "url": "", "city": "Manchester", "postcode": "M3 4FP", "address1": "Liverpool Road", "address2": null, "county": "Greater Manchester", "country": "United Kingdom", "telephone": "0161 606 0156", "slug": "museum-of-science-and-industry"}, {"id": 572, "name": "Museums & Heritage Service", "url": "", "city": "Pontllanfraith", "postcode": "NP12 2DG", "address1": "Unit 5, Woodfieldside Bus. Park", "address2": "Penmaen Road", "county": "Monmouthshire", "country": "United Kingdom", "telephone": null, "slug": "museums-heritage-service"}, {"id": 456, "name": "NATReSA", "url": "http://-", "city": "Port Louis", "postcode": "", "address1": "Port Louis", "address2": "16, Max City, Poudriere St", "county": "Other county, or outside UK/Eire", "country": "Mauritius", "telephone": "230 259 30 77", "slug": "natresa"}, {"id": 2441, "name": "Newcastle University School of Geography, Politics & Sociology", "url": "http://www.ncl.ac.uk/gps/", "city": "Newcastle upon Tyne", "postcode": "NE1 7RU", "address1": "Faculty of Humanities and Social Sciences", "address2": "Newcastle University", "county": "Tyne and Wear", "country": "United Kingdom", "telephone": null, "slug": "newcastle-university-school-of-geography-politics-sociology"}, {"id": 907, "name": "NHS", "url": "", "city": "Cardiff", "postcode": "CF14 1BW", "address1": "7, Ashchurch Close", "address2": "Whitchurch", "county": "Glamorgan", "country": "United Kingdom", "telephone": null, "slug": "nhs"}, {"id": 377, "name": "p-10", "url": "http://www.p-10.org", "city": "Singapore", "postcode": "218 777", "address1": "10, Perumal Road", "address2": null, "county": "Other county, or outside UK/Eire", "country": "Singapore", "telephone": "+65-62940041", "slug": "p-10"}, {"id": 933, "name": "Palestine Solidarity Campaign", "url": "http://www.palestinecampaign.org", "city": "London", "postcode": "WC1N 3XX", "address1": "PSC Box BM PSA", "address2": null, "county": "London", "country": "United Kingdom", "telephone": "02077006192", "slug": "palestine-solidarity-campaign"}, {"id": 2694, "name": "Real Action", "url": "http://www.realaction.org.uk", "city": "London", "postcode": "W10 4LA", "address1": "The Learning Store", "address2": "3 Mozart Street", "county": "London", "country": "United Kingdom", "telephone": "07949 947 988", "slug": "real-action"}, {"id": 1187, "name": "Room 1.02 Engineering Building,", "url": "", "city": "London", "postcode": "WC1E 6BT", "address1": "Malet Place,", "address2": "University College London", "county": "London", "country": "United Kingdom", "telephone": null, "slug": "room-102-engineering-building"}, {"id": 1363, "name": "Room G01, The Clore Management Centre", "url": "", "city": "London", "postcode": "", "address1": "Torrington Square", "address2": null, "county": "Other county, or outside UK/Eire", "country": "United Kingdom", "telephone": null, "slug": "room-g01-the-clore-management-centre"}, {"id": 2518, "name": "Royal College of Music", "url": "http://www.rcm.ac.uk", "city": "London", "postcode": "SW7 2BS", "address1": "Prince Consort Rd", "address2": null, "county": "London", "country": "United Kingdom", "telephone": "02075914314", "slug": "royal-college-of-music"}, {"id": 1751, "name": "Sheikh Zayed Theatre, New Academic Building", "url": "", "city": "London", "postcode": "WC2A 2AE", "address1": "London School of Economics", "address2": null, "county": "London", "country": "United Kingdom", "telephone": null, "slug": "sheikh-zayed-theatre-new-academic-building"}, {"id": 2152, "name": "Sheikh Zayed Theatre, New Academic Building", "url": "", "city": "London", "postcode": "WC2A 2AE", "address1": "London School of Economics and Political Science", "address2": "Lincoln's Inn Fields", "county": "London", "country": "United Kingdom", "telephone": null, "slug": "sheikh-zayed-theatre-new-academic-building"}, {"id": 2750, "name": "Sir John Soane's Museum", "url": "", "city": "London", "postcode": "WC2A 3BP", "address1": "13 Lincoln’s Inn Fields", "address2": null, "county": "London", "country": "United Kingdom", "telephone": "Tel: + 44 (0) 20 740", "slug": "sir-john-soanes-museum"}, {"id": 1376, "name": "Soundings", "url": "", "city": "London", "postcode": "E9 5LN", "address1": "99a Wallis Road", "address2": null, "county": "London", "country": "United Kingdom", "telephone": "0207 272 4756", "slug": "soundings"}, {"id": 2992, "name": "Southlands Chapel", "url": "", "city": "London", "postcode": "SW15 5SL", "address1": "University of Roehampton", "address2": "80,Roehampton Lane", "county": "London", "country": "United Kingdom", "telephone": null, "slug": "southlands-chapel"}, {"id": 1933, "name": "St Andrew Church", "url": "http://info@isbourne.org", "city": "Cheltenham", "postcode": "GL50 1SP", "address1": "Montpellier", "address2": null, "county": "Gloucestershire", "country": "United Kingdom", "telephone": "01242254321", "slug": "st-andrew-church"}, {"id": 1793, "name": "St Katharine Docks entrance, by Tower Bridge", "url": "http://www.worldwrite.org.uk/londonbehindthescenes/tours.html", "city": "London", "postcode": "E1W 1UH", "address1": "St Katharine Docks", "address2": "St Katharine's Way", "county": "London", "country": "United Kingdom", "telephone": "020 8985 5435", "slug": "st-katharine-docks-entrance-by-tower-bridge"}, {"id": 3353, "name": "St Lawrence Jewry", "url": "http://https://www.visitchurches.org.uk/visit/church-listing/st-mary-badley/whats-on/lecture.html", "city": "London", "postcode": "EC2V 5AA", "address1": "St Lawrence Jewry", "address2": "Guidhall Yard", "county": "London", "country": "United Kingdom", "telephone": "0800 206 1463", "slug": "st-lawrence-jewry"}, {"id": 873, "name": "Stationers' Hall", "url": "", "city": "London", "postcode": "EC4M 7DD", "address1": "Ave Maria Lane", "address2": null, "county": "London", "country": "United Kingdom", "telephone": null, "slug": "stationers-hall"}, {"id": 874, "name": "Stationers' Hall", "url": "http://www.st-ceciliatide.com/howt.htm", "city": "London", "postcode": "EC4M 7DD", "address1": "Ave Maria Lane", "address2": null, "county": "London", "country": "United Kingdom", "telephone": "01327 360931", "slug": "stationers-hall"}, {"id": 1159, "name": "Stationers' Hall", "url": "http://GBR", "city": "London", "postcode": "EC4N 7DD", "address1": "Ave Maria Lane", "address2": null, "county": "Aberdeenshire", "country": "United Kingdom", "telephone": "01327 360931", "slug": "stationers-hall"}, {"id": 1160, "name": "Stationers' Hall", "url": "http://www.st-ceciliatide.com/", "city": "London", "postcode": "EC4N 7DD", "address1": "Ave Maria Lane", "address2": null, "county": "Aberdeenshire", "country": "United Kingdom", "telephone": "01327 360931", "slug": "stationers-hall"}, {"id": 3434, "name": "Sugar and Spice Group", "url": "", "city": "Newport", "postcode": "NP20 1TP", "address1": "St Mary's Church", "address2": "Stow Hill", "county": "Gwent", "country": "United Kingdom", "telephone": null, "slug": "sugar-and-spice-group"}, {"id": 2728, "name": "Ten Keats Grove", "url": "http://www.cityoflondon.gov.uk/keatshousehampstead", "city": "London", "postcode": "NW3 2RR", "address1": "Keats Grove", "address2": "Hampstead", "county": "London", "country": "United Kingdom", "telephone": "020 7332 3868", "slug": "ten-keats-grove"}, {"id": 187, "name": "The British Museum", "url": "http://www.thebritishmuseum.ac.uk", "city": "London", "postcode": "WC1B 3DG", "address1": "Great Russell Street", "address2": null, "county": "London", "country": "United Kingdom", "telephone": "+44 20 73 23 88 96", "slug": "the-british-museum"}, {"id": 2319, "name": "The British Museum", "url": "", "city": "London", "postcode": "WC1B 3DG", "address1": "Great Russell Street", "address2": null, "county": "Aberdeenshire", "country": "United Kingdom", "telephone": null, "slug": "the-british-museum"}, {"id": 3059, "name": "The Churches Conservation Trust", "url": "", "city": "London", "postcode": "N1 9RL", "address1": "Society Building", "address2": "8 All Saints Street", "county": "London", "country": "United Kingdom", "telephone": null, "slug": "the-churches-conservation-trust"}, {"id": 3315, "name": "The City Centre", "url": "http://www.thecitycentre.london/", "city": "London", "postcode": "EC2V 5AR", "address1": "80 Basinghall Street", "address2": null, "county": "London", "country": "United Kingdom", "telephone": "+44 (0)207 6008 362", "slug": "the-city-centre"}, {"id": 1364, "name": "The Commonwealth Club", "url": "", "city": "London", "postcode": "WC2N 5AP", "address1": "25 Northumberland Avenue", "address2": null, "county": "London", "country": "United Kingdom", "telephone": "0207 40 40 470", "slug": "the-commonwealth-club"}, {"id": 1465, "name": "The Commonwealth Club", "url": "", "city": "London", "postcode": "WC2N 5AP", "address1": "25 Northumberland Avenue", "address2": null, "county": "London", "country": "United Kingdom", "telephone": null, "slug": "the-commonwealth-club"}, {"id": 1679, "name": "The Course Ltd", "url": "http://www.thecoursestudies.co.uk/", "city": "London", "postcode": "NW8 9PB", "address1": "105 William Court", "address2": "6 Hall Road", "county": "London", "country": "United Kingdom", "telephone": " 020 7266 7815", "slug": "the-course-ltd"}, {"id": 1739, "name": "The Crypt", "url": "", "city": "Liverpool", "postcode": "L3 5TQ", "address1": "Liverpool Metropolitan Cathedral", "address2": "Brownlow Hill entrance", "county": "Mersey", "country": "United Kingdom", "telephone": null, "slug": "the-crypt"}, {"id": 3341, "name": "The Crystal", "url": "http://bit.ly/life-talk", "city": "London", "postcode": "E16 1GB", "address1": "1 Siemens Brothers Way", "address2": "Royal Victoria Dock", "county": "London", "country": "United Kingdom", "telephone": null, "slug": "the-crystal"}, {"id": 283, "name": "The Design Council", "url": "http://www.design-council.org.uk/", "city": "London", "postcode": "WC2E 7DL", "address1": "34 Bow Street", "address2": null, "county": "London", "country": "United Kingdom", "telephone": "+44 20 74 20 52 00", "slug": "the-design-council"}, {"id": 36, "name": "The Fabian Society", "url": "http://www.fabian-society.org.uk", "city": "London", "postcode": "SW1H 9BN", "address1": "11 Dartmouth Street", "address2": "", "county": "London", "country": "United Kingdom", "telephone": "+44 20 72 27 49 00", "slug": "the-fabian-society"}, {"id": 1664, "name": "The Goldsmiths' Company", "url": "http://www.thegoldsmiths.co.uk", "city": "London", "postcode": "EC2V 6BN", "address1": "Goldsmiths' Hall", "address2": "Foster Lane", "county": "London", "country": "United Kingdom", "telephone": "020 7606 7010", "slug": "the-goldsmiths-company"}, {"id": 305, "name": "The Guardian Hay Festival", "url": "http://www.hayfestival.com", "city": "Hay-on-Wye", "postcode": "HR3 5AD", "address1": "Administered from: The Drill Hall", "address2": "25 Lion Street", "county": "Herefordshire", "country": "United Kingdom", "telephone": "0870 990 1299", "slug": "the-guardian-hay-festival"}, {"id": 2803, "name": "The LookOut / Isis Education Centre", "url": "http://www.supporttheroyalparks.org/assets/0000/5811/Map_and_directions_to_Isis_Education_Centre.pdf", "city": "London", "postcode": "W2 2UH", "address1": "Hyde Park", "address2": null, "county": "London", "country": "United Kingdom", "telephone": null, "slug": "the-lookout-isis-education-centre"}, {"id": 855, "name": "The Mayfair Library", "url": "http://www.thecoursestudies.co.uk", "city": "London", "postcode": "W1K 2PB", "address1": "25 South Audley Street", "address2": null, "county": "London", "country": "United Kingdom", "telephone": "020 7435 7002", "slug": "the-mayfair-library"}, {"id": 62, "name": "The Megalithic Portal", "url": "http://www.megalithic.co.uk/", "city": "n/a", "postcode": "n/a", "address1": "n/a", "address2": null, "county": "n/a", "country": "United Kingdom", "telephone": "", "slug": "the-megalithic-portal"}, {"id": 2041, "name": "The Prometheus Trust", "url": "http://www.prometheustrust.co.uk", "city": "Lydney", "postcode": "GL15 6HG", "address1": "7 Pine Crest Way", "address2": "Bream", "county": "Gloucestershire", "country": "United Kingdom", "telephone": "01594 726296", "slug": "the-prometheus-trust"}, {"id": 2907, "name": "The Royal Society of Chemistry", "url": "http://www.rsc.org/", "city": "London", "postcode": "W1J 0BA", "address1": "Burlington House, ", "address2": "Piccadilly,  ", "county": "London", "country": "United Kingdom", "telephone": "01223422514", "slug": "the-royal-society-of-chemistry"}, {"id": 2327, "name": "The Studio", "url": "", "city": "Birmingham", "postcode": "B2 5EP", "address1": "7 Cannon Street", "address2": null, "county": "West Midlands", "country": "United Kingdom", "telephone": null, "slug": "the-studio"}, {"id": 1672, "name": "Touch the Sky Ltd", "url": "http://www.touchthesky.uk.com", "city": "worthing", "postcode": "BN12 4NX", "address1": "The Mulberry Business Centre Goring Road", "address2": null, "county": "Sussex", "country": "United Kingdom", "telephone": null, "slug": "touch-the-sky-ltd"}, {"id": 2438, "name": "UCL Research", "url": "http://www.ucl.ac.uk/research", "city": "London", "postcode": "WC1H 0BT", "address1": "2 Taviton Street", "address2": "", "county": "London", "country": "United Kingdom", "telephone": "020 76768713", "slug": "ucl-research"}, {"id": 109, "name": "Unitarian General Assembly", "url": "http://www.unitarian.org.uk", "city": "London", "postcode": "WC2R 3HY", "address1": "Essex Hall,", "address2": "1-6 Essex St", "county": "London", "country": "United Kingdom", "telephone": "+44 20 72 40 23 84", "slug": "unitarian-general-assembly"}, {"id": 378, "name": "University of Exeter", "url": "", "city": "Exeter", "postcode": "EX4 4QJ", "address1": "Queens Building", "address2": null, "county": "Devon", "country": "United Kingdom", "telephone": null, "slug": "university-of-exeter"}, {"id": 31, "name": "University of Newcastle upon Tyne", "url": "http://www.ncl.ac.uk", "city": "Newcastle", "postcode": "NE1 7RU", "address1": "6 Kensington Terrace", "address2": null, "county": "Tyne and Wear", "country": "United Kingdom", "telephone": "+44 19 12 22 60 93", "slug": "university-of-newcastle-upon-tyne"}, {"id": 92, "name": "Waterstone's Gower Street", "url": "", "city": "London", "postcode": "WC1E 6EQ", "address1": "82 Gower Street", "address2": null, "county": "London", "country": "United Kingdom", "telephone": "+44 20 76 36 15 77", "slug": "waterstones-gower-street"}, {"id": 79, "name": "Waterstone's Reading Oracle", "url": null, "city": "Reading", "postcode": "RG1 2AQ", "address1": "12 Holybrook Mall", "address2": null, "county": "Berkshire", "country": "United Kingdom", "telephone": "+44 11 89 50 34 00", "slug": "waterstones-reading-oracle"}, {"id": 2168, "name": "West Kent Archaeological Society", "url": "http://www.archaeologywkas.co.uk", "city": "Cranbrook", "postcode": "TN17 9DN", "address1": "PO Box 174", "address2": null, "county": "Kent", "country": "United Kingdom", "telephone": null, "slug": "west-kent-archaeological-society"}, {"id": 2604, "name": "Woodbrooke Quaker Study Centre", "url": "", "city": "Birmingham", "postcode": "B29 6LJ", "address1": "1046 Bristol Road", "address2": null, "county": "West Midlands", "country": "United Kingdom", "telephone": "0121 472 5171", "slug": "woodbrooke-quaker-study-centre"}]